jardin,direccion_jardin,turno,genero,sala
Burbujitas ,Leoncio de la Barrera 298 ,Tarde,Masculino,1
Burbujitas ,Leoncio de la Barrera 298 ,Mañana,Masculino,2
Burbujitas ,Leoncio de la Barrera 298 ,Mañana,Masculino,2
Burbujitas ,Leoncio de la Barrera 298 ,Mañana,Femenino,2
Burbujitas ,Leoncio de la Barrera 298 ,Mañana,Masculino,2
Burbujitas ,Leoncio de la Barrera 298 ,Mañana,Femenino,2
Burbujitas ,Leoncio de la Barrera 298 ,Mañana,Masculino,2
Burbujitas ,Leoncio de la Barrera 298 ,Mañana,Femenino,2
Burbujitas ,Leoncio de la Barrera 298 ,Mañana,Femenino,2
Burbujitas ,Leoncio de la Barrera 298 ,Mañana,Masculino,2
Burbujitas ,Leoncio de la Barrera 298 ,Mañana,Femenino,2
Burbujitas ,Leoncio de la Barrera 298 ,Mañana,Masculino,2
Burbujitas ,Leoncio de la Barrera 298 ,Mañana,Femenino,2
Burbujitas ,Leoncio de la Barrera 298 ,Mañana,Femenino,2
Burbujitas ,Leoncio de la Barrera 298 ,Mañana,Masculino,2
Burbujitas ,Leoncio de la Barrera 298 ,Mañana,Masculino,2
Burbujitas ,Leoncio de la Barrera 298 ,Mañana,Masculino,2
Burbujitas ,Leoncio de la Barrera 298 ,Mañana,Femenino,2
Burbujitas ,Leoncio de la Barrera 298 ,Mañana,Masculino,2
Burbujitas ,Leoncio de la Barrera 298 ,Mañana,Masculino,2
Burbujitas ,Leoncio de la Barrera 298 ,Mañana,Masculino,2
Burbujitas ,Leoncio de la Barrera 298 ,Tarde,Femenino,2
Burbujitas ,Leoncio de la Barrera 298 ,Tarde,Masculino,2
Burbujitas ,Leoncio de la Barrera 298 ,Tarde,Femenino,2
Burbujitas ,Leoncio de la Barrera 298 ,Tarde,Femenino,2
Burbujitas ,Leoncio de la Barrera 298 ,Tarde,Femenino,2
Burbujitas ,Leoncio de la Barrera 298 ,Tarde,Masculino,2
Burbujitas ,Leoncio de la Barrera 298 ,Tarde,Masculino,2
Burbujitas ,Leoncio de la Barrera 298 ,Tarde,Masculino,2
Burbujitas ,Leoncio de la Barrera 298 ,Tarde,Femenino,2
Burbujitas ,Leoncio de la Barrera 298 ,Tarde,Femenino,2
Burbujitas ,Leoncio de la Barrera 298 ,Tarde,Masculino,2
Burbujitas ,Leoncio de la Barrera 298 ,Tarde,Masculino,2
Burbujitas ,Leoncio de la Barrera 298 ,Mañana,Femenino,3
Burbujitas ,Leoncio de la Barrera 298 ,Mañana,Femenino,3
Burbujitas ,Leoncio de la Barrera 298 ,Mañana,Femenino,3
Burbujitas ,Leoncio de la Barrera 298 ,Mañana,Masculino,3
Burbujitas ,Leoncio de la Barrera 298 ,Mañana,Masculino,3
Burbujitas ,Leoncio de la Barrera 298 ,Mañana,Femenino,3
Burbujitas ,Leoncio de la Barrera 298 ,Mañana,Masculino,3
Burbujitas ,Leoncio de la Barrera 298 ,Mañana,Femenino,3
Burbujitas ,Leoncio de la Barrera 298 ,Mañana,Masculino,3
Burbujitas ,Leoncio de la Barrera 298 ,Mañana,Masculino,3
Burbujitas ,Leoncio de la Barrera 298 ,Mañana,Masculino,3
Burbujitas ,Leoncio de la Barrera 298 ,Tarde,Femenino,3
Burbujitas ,Leoncio de la Barrera 298 ,Tarde,Femenino,3
Burbujitas ,Leoncio de la Barrera 298 ,Tarde,Masculino,3
Burbujitas ,Leoncio de la Barrera 298 ,Tarde,Femenino,3
Burbujitas ,Leoncio de la Barrera 298 ,Tarde,Masculino,3
Burbujitas ,Leoncio de la Barrera 298 ,Tarde,Masculino,3
Burbujitas ,Leoncio de la Barrera 298 ,Tarde,Masculino,3
Burbujitas ,Leoncio de la Barrera 298 ,Tarde,Masculino,3
Burbujitas ,Leoncio de la Barrera 298 ,Tarde,Femenino,3
Burbujitas ,Leoncio de la Barrera 298 ,Tarde,Femenino,3
Burbujitas ,Leoncio de la Barrera 298 ,Tarde,Femenino,3
Burbujitas ,Leoncio de la Barrera 298 ,Tarde,Femenino,3
Burbujitas ,Leoncio de la Barrera 298 ,Tarde,Masculino,3
Burbujitas ,Leoncio de la Barrera 298 ,Tarde,Masculino,3
Burbujitas ,Leoncio de la Barrera 298 ,Tarde,Femenino,3
Burbujitas ,Leoncio de la Barrera 298 ,Tarde,Femenino,3
Burbujitas ,Leoncio de la Barrera 298 ,Tarde,Femenino,3
Burbujitas ,Leoncio de la Barrera 298 ,Tarde,Femenino,3
Burbujitas ,Leoncio de la Barrera 298 ,Tarde,Femenino,3
Burbujitas ,Leoncio de la Barrera 298 ,Tarde,Masculino,3
Burbujitas ,Leoncio de la Barrera 298 ,Tarde,Masculino,3
Burbujitas ,Leoncio de la Barrera 298 ,Tarde,Masculino,3
Burbujitas ,Leoncio de la Barrera 298 ,Tarde,Masculino,3
Burbujitas ,Leoncio de la Barrera 298 ,Tarde,Masculino,3
Burbujitas ,Leoncio de la Barrera 298 ,Tarde,Masculino,3
Burbujitas ,Leoncio de la Barrera 298 ,Tarde,Femenino,3
Chispitas ,Balcarce 4135 ,Mañana,Femenino,1
Chispitas ,Balcarce 4135 ,Mañana,Femenino,2
Chispitas ,Balcarce 4135 ,Mañana,Femenino,2
Chispitas ,Balcarce 4135 ,Mañana,Masculino,2
Chispitas ,Balcarce 4135 ,Mañana,Masculino,2
Chispitas ,Balcarce 4135 ,Mañana,Masculino,2
Chispitas ,Balcarce 4135 ,Mañana,Femenino,3
Chispitas ,Balcarce 4135 ,Mañana,Femenino,3
Chispitas ,Balcarce 4135 ,Mañana,Femenino,3
Chispitas ,Balcarce 4135 ,Mañana,Femenino,3
Huellitas ,Vuelta de Obligado 298 ,Tarde,Femenino,1
Huellitas ,Vuelta de Obligado 298 ,Tarde,Masculino,1
Huellitas ,Vuelta de Obligado 298 ,Tarde,Masculino,1
Huellitas ,Vuelta de Obligado 298 ,Tarde,Masculino,1
Huellitas ,Vuelta de Obligado 298 ,Tarde,Femenino,1
Huellitas ,Vuelta de Obligado 298 ,Mañana,Masculino,2
Huellitas ,Vuelta de Obligado 298 ,Mañana,Masculino,2
Huellitas ,Vuelta de Obligado 298 ,Mañana,Masculino,2
Huellitas ,Vuelta de Obligado 298 ,Mañana,Masculino,2
Huellitas ,Vuelta de Obligado 298 ,Mañana,Masculino,2
Huellitas ,Vuelta de Obligado 298 ,Mañana,Femenino,2
Huellitas ,Vuelta de Obligado 298 ,Mañana,Femenino,2
Huellitas ,Vuelta de Obligado 298 ,Mañana,Masculino,2
Huellitas ,Vuelta de Obligado 298 ,Mañana,Masculino,2
Huellitas ,Vuelta de Obligado 298 ,Tarde,Femenino,2
Huellitas ,Vuelta de Obligado 298 ,Tarde,Masculino,2
Huellitas ,Vuelta de Obligado 298 ,Tarde,Femenino,2
Huellitas ,Vuelta de Obligado 298 ,Tarde,Femenino,2
Huellitas ,Vuelta de Obligado 298 ,Tarde,Masculino,2
Huellitas ,Vuelta de Obligado 298 ,Tarde,Femenino,2
Huellitas ,Vuelta de Obligado 298 ,Tarde,Masculino,2
Huellitas ,Vuelta de Obligado 298 ,Tarde,Masculino,2
Huellitas ,Vuelta de Obligado 298 ,Tarde,Masculino,2
Huellitas ,Vuelta de Obligado 298 ,Tarde,Masculino,2
Huellitas ,Vuelta de Obligado 298 ,Tarde,Femenino,2
Huellitas ,Vuelta de Obligado 298 ,Mañana,Femenino,3
Huellitas ,Vuelta de Obligado 298 ,Mañana,Femenino,3
Huellitas ,Vuelta de Obligado 298 ,Mañana,Femenino,3
Huellitas ,Vuelta de Obligado 298 ,Mañana,Femenino,3
Huellitas ,Vuelta de Obligado 298 ,Mañana,Femenino,3
Huellitas ,Vuelta de Obligado 298 ,Mañana,Masculino,3
Huellitas ,Vuelta de Obligado 298 ,Mañana,Masculino,3
Huellitas ,Vuelta de Obligado 298 ,Mañana,Masculino,3
Huellitas ,Vuelta de Obligado 298 ,Mañana,Masculino,3
Huellitas ,Vuelta de Obligado 298 ,Mañana,Femenino,3
Huellitas ,Vuelta de Obligado 298 ,Mañana,Femenino,3
Huellitas ,Vuelta de Obligado 298 ,Mañana,Masculino,3
Huellitas ,Vuelta de Obligado 298 ,Mañana,Masculino,3
Huellitas ,Vuelta de Obligado 298 ,Mañana,Masculino,3
Huellitas ,Vuelta de Obligado 298 ,Mañana,Masculino,3
Huellitas ,Vuelta de Obligado 298 ,Mañana,Femenino,3
Huellitas ,Vuelta de Obligado 298 ,Mañana,Femenino,3
Huellitas ,Vuelta de Obligado 298 ,Mañana,Masculino,3
Huellitas ,Vuelta de Obligado 298 ,Mañana,Masculino,3
Huellitas ,Vuelta de Obligado 298 ,Mañana,Femenino,3
Huellitas ,Vuelta de Obligado 298 ,Mañana,Femenino,3
Huellitas ,Vuelta de Obligado 298 ,Mañana,Femenino,3
Huellitas ,Vuelta de Obligado 298 ,Mañana,Masculino,3
Huellitas ,Vuelta de Obligado 298 ,Mañana,Femenino,3
Huellitas ,Vuelta de Obligado 298 ,Mañana,Masculino,3
Huellitas ,Vuelta de Obligado 298 ,Mañana,Femenino,3
Huellitas ,Vuelta de Obligado 298 ,Tarde,Masculino,3
Huellitas ,Vuelta de Obligado 298 ,Tarde,Masculino,3
Huellitas ,Vuelta de Obligado 298 ,Tarde,Femenino,3
Huellitas ,Vuelta de Obligado 298 ,Tarde,Femenino,3
Huellitas ,Vuelta de Obligado 298 ,Tarde,Masculino,3
Huellitas ,Vuelta de Obligado 298 ,Tarde,Masculino,3
Huellitas ,Vuelta de Obligado 298 ,Tarde,Femenino,3
Huellitas ,Vuelta de Obligado 298 ,Tarde,Masculino,3
Huellitas ,Vuelta de Obligado 298 ,Tarde,Femenino,3
Huellitas ,Vuelta de Obligado 298 ,Tarde,Masculino,3
Huellitas ,Vuelta de Obligado 298 ,Tarde,Masculino,3
Huellitas ,Vuelta de Obligado 298 ,Tarde,Femenino,3
Huellitas ,Vuelta de Obligado 298 ,Tarde,Masculino,3
Huellitas ,Vuelta de Obligado 298 ,Tarde,Femenino,3
Huellitas ,Vuelta de Obligado 298 ,Tarde,Femenino,3
Manasitos ,Jorge Covacevich 98 ,Mañana,Masculino,2
Manasitos ,Jorge Covacevich 98 ,Mañana,Femenino,2
Manasitos ,Jorge Covacevich 98 ,Mañana,Femenino,2
Manasitos ,Jorge Covacevich 98 ,Mañana,Masculino,2
Manasitos ,Jorge Covacevich 98 ,Tarde,Masculino,2
Manasitos ,Jorge Covacevich 98 ,Tarde,Masculino,2
Manasitos ,Jorge Covacevich 98 ,Tarde,Masculino,2
Manasitos ,Jorge Covacevich 98 ,Tarde,Femenino,2
Manasitos ,Jorge Covacevich 98 ,Tarde,Masculino,2
Manasitos ,Jorge Covacevich 98 ,Tarde,Masculino,2
Manasitos ,Jorge Covacevich 98 ,Tarde,Masculino,2
Manasitos ,Jorge Covacevich 98 ,Tarde,Femenino,2
Manasitos ,Jorge Covacevich 98 ,Mañana,Femenino,3
Manasitos ,Jorge Covacevich 98 ,Tarde,Femenino,3
Pinceladas ,Agüero 1460 ,Tarde,Femenino,1
Pinceladas ,Agüero 1460 ,Mañana,Femenino,2
Pinceladas ,Agüero 1460 ,Mañana,Masculino,2
Pinceladas ,Agüero 1460 ,Mañana,Masculino,2
Pinceladas ,Agüero 1460 ,Mañana,Femenino,2
Pinceladas ,Agüero 1460 ,Mañana,Masculino,2
Pinceladas ,Agüero 1460 ,Mañana,Femenino,2
Pinceladas ,Agüero 1460 ,Mañana,Masculino,2
Pinceladas ,Agüero 1460 ,Mañana,Masculino,2
Pinceladas ,Agüero 1460 ,Tarde,Femenino,2
Pinceladas ,Agüero 1460 ,Tarde,Masculino,2
Pinceladas ,Agüero 1460 ,Tarde,Masculino,2
Pinceladas ,Agüero 1460 ,Tarde,Masculino,2
Pinceladas ,Agüero 1460 ,Tarde,Femenino,2
Pinceladas ,Agüero 1460 ,Tarde,Femenino,2
Pinceladas ,Agüero 1460 ,Tarde,Femenino,2
Pinceladas ,Agüero 1460 ,Tarde,Femenino,2
Pinceladas ,Agüero 1460 ,Tarde,Masculino,2
Pinceladas ,Agüero 1460 ,Tarde,Masculino,2
Pinceladas ,Agüero 1460 ,Tarde,Femenino,2
Pinceladas ,Agüero 1460 ,Mañana,Masculino,3
Pinceladas ,Agüero 1460 ,Mañana,Masculino,3
Pinceladas ,Agüero 1460 ,Mañana,Femenino,3
Pinceladas ,Agüero 1460 ,Mañana,Femenino,3
Pinceladas ,Agüero 1460 ,Mañana,Femenino,3
Pinceladas ,Agüero 1460 ,Mañana,Femenino,3
Pinceladas ,Agüero 1460 ,Mañana,Masculino,3
Pinceladas ,Agüero 1460 ,Mañana,Masculino,3
Pinceladas ,Agüero 1460 ,Mañana,Femenino,3
Pinceladas ,Agüero 1460 ,Mañana,Femenino,3
Pinceladas ,Agüero 1460 ,Mañana,Femenino,3
Pinceladas ,Agüero 1460 ,Mañana,Masculino,3
Pinceladas ,Agüero 1460 ,Mañana,Masculino,3
Pinceladas ,Agüero 1460 ,Mañana,Masculino,3
Pinceladas ,Agüero 1460 ,Tarde,Femenino,3
Pinceladas ,Agüero 1460 ,Tarde,Femenino,3
Pinceladas ,Agüero 1460 ,Tarde,Femenino,3
Pinceladas ,Agüero 1460 ,Tarde,Masculino,3
Pinceladas ,Agüero 1460 ,Tarde,Femenino,3
Pinceladas ,Agüero 1460 ,Tarde,Femenino,3
Pinceladas ,Agüero 1460 ,Tarde,Femenino,3
Pinceladas ,Agüero 1460 ,Tarde,Femenino,3
Pinceladas ,Agüero 1460 ,Tarde,Femenino,3
Pinceladas ,Agüero 1460 ,Tarde,Femenino,3
Pinceladas ,Agüero 1460 ,Tarde,Femenino,3
Pinceladas ,Agüero 1460 ,Tarde,Masculino,3
Rayito de Sol ,Ayacucho 600 ,Mañana,Masculino,1
Rayito de Sol ,Ayacucho 600 ,Mañana,Masculino,1
Rayito de Sol ,Ayacucho 600 ,Mañana,Femenino,1
Rayito de Sol ,Ayacucho 600 ,Mañana,Masculino,1
Rayito de Sol ,Ayacucho 600 ,Mañana,Masculino,1
Rayito de Sol ,Ayacucho 600 ,Noche,Femenino,1
Rayito de Sol ,Ayacucho 600 ,Noche,Masculino,1
Rayito de Sol ,Ayacucho 600 ,Tarde,Femenino,1
Rayito de Sol ,Ayacucho 600 ,Tarde,Femenino,1
Rayito de Sol ,Ayacucho 600 ,Tarde,Masculino,1
Rayito de Sol ,Ayacucho 600 ,Tarde,Masculino,1
Rayito de Sol ,Ayacucho 600 ,Mañana,Femenino,2
Rayito de Sol ,Ayacucho 600 ,Mañana,Masculino,2
Rayito de Sol ,Ayacucho 600 ,Mañana,Femenino,2
Rayito de Sol ,Ayacucho 600 ,Mañana,Femenino,2
Rayito de Sol ,Ayacucho 600 ,Mañana,Masculino,2
Rayito de Sol ,Ayacucho 600 ,Mañana,Masculino,2
Rayito de Sol ,Ayacucho 600 ,Mañana,Femenino,2
Rayito de Sol ,Ayacucho 600 ,Mañana,Femenino,2
Rayito de Sol ,Ayacucho 600 ,Mañana,Femenino,2
Rayito de Sol ,Ayacucho 600 ,Mañana,Masculino,2
Rayito de Sol ,Ayacucho 600 ,Noche,Femenino,2
Rayito de Sol ,Ayacucho 600 ,Tarde,Femenino,2
Rayito de Sol ,Ayacucho 600 ,Tarde,Femenino,2
Rayito de Sol ,Ayacucho 600 ,Tarde,Masculino,2
Rayito de Sol ,Ayacucho 600 ,Tarde,Masculino,2
Rayito de Sol ,Ayacucho 600 ,Tarde,Masculino,2
Rayito de Sol ,Ayacucho 600 ,Tarde,Masculino,2
Rayito de Sol ,Ayacucho 600 ,Tarde,Femenino,2
Rayito de Sol ,Ayacucho 600 ,Tarde,Masculino,2
Rayito de Sol ,Ayacucho 600 ,Tarde,Femenino,2
Rayito de Sol ,Ayacucho 600 ,Tarde,Femenino,2
Rayito de Sol ,Ayacucho 600 ,Tarde,Masculino,2
Rayito de Sol ,Ayacucho 600 ,Mañana,Femenino,3
Rayito de Sol ,Ayacucho 600 ,Mañana,Masculino,3
Rayito de Sol ,Ayacucho 600 ,Mañana,Masculino,3
Rayito de Sol ,Ayacucho 600 ,Mañana,Masculino,3
Rayito de Sol ,Ayacucho 600 ,Mañana,Masculino,3
Rayito de Sol ,Ayacucho 600 ,Mañana,Femenino,3
Rayito de Sol ,Ayacucho 600 ,Mañana,Femenino,3
Rayito de Sol ,Ayacucho 600 ,Mañana,Masculino,3
Rayito de Sol ,Ayacucho 600 ,Mañana,Femenino,3
Rayito de Sol ,Ayacucho 600 ,Mañana,Femenino,3
Rayito de Sol ,Ayacucho 600 ,Mañana,Femenino,3
Rayito de Sol ,Ayacucho 600 ,Mañana,Masculino,3
Rayito de Sol ,Ayacucho 600 ,Noche,Femenino,3
Rayito de Sol ,Ayacucho 600 ,Noche,Masculino,3
Rayito de Sol ,Ayacucho 600 ,Noche,Masculino,3
Rayito de Sol ,Ayacucho 600 ,Tarde,Femenino,3
Rayito de Sol ,Ayacucho 600 ,Tarde,Masculino,3
Rayito de Sol ,Ayacucho 600 ,Tarde,Femenino,3
Rayito de Sol ,Ayacucho 600 ,Tarde,Femenino,3
Rayito de Sol ,Ayacucho 600 ,Tarde,Masculino,3
Rayito de Sol ,Ayacucho 600 ,Tarde,Masculino,3
Rayito de Sol ,Ayacucho 600 ,Tarde,Masculino,3
Rayito de Sol ,Ayacucho 600 ,Tarde,Femenino,3
Rayito de Sol ,Ayacucho 600 ,Tarde,Femenino,3
Rayito de Sol ,Ayacucho 600 ,Tarde,Masculino,3
Rayito de Sol ,Ayacucho 600 ,Tarde,Masculino,3
Rayito de Sol ,Ayacucho 600 ,Tarde,Femenino,3
Rayito de Sol ,Ayacucho 600 ,Tarde,Masculino,3
Rocío de Miel ,Agüero 1460 ,Mañana,Femenino,1
Rocío de Miel ,Agüero 1460 ,Mañana,Masculino,1
Rocío de Miel ,Agüero 1460 ,Mañana,Masculino,1
Rocío de Miel ,Agüero 1460 ,Mañana,Masculino,1
Rocío de Miel ,Agüero 1460 ,Mañana,Masculino,1
Rocío de Miel ,Agüero 1460 ,Mañana,Masculino,1
Rocío de Miel ,Agüero 1460 ,Mañana,Femenino,1
Rocío de Miel ,Agüero 1460 ,Mañana,Femenino,1
Rocío de Miel ,Agüero 1460 ,Mañana,Masculino,1
Rocío de Miel ,Agüero 1460 ,Mañana,Femenino,1
Rocío de Miel ,Agüero 1460 ,Mañana,Femenino,1
Rocío de Miel ,Agüero 1460 ,Mañana,Masculino,1
Rocío de Miel ,Agüero 1460 ,Tarde,Femenino,1
Rocío de Miel ,Agüero 1460 ,Tarde,Masculino,1
Rocío de Miel ,Agüero 1460 ,Tarde,Femenino,1
Rocío de Miel ,Agüero 1460 ,Tarde,Femenino,1
Rocío de Miel ,Agüero 1460 ,Tarde,Femenino,1
Rocío de Miel ,Agüero 1460 ,Tarde,Masculino,1
Rocío de Miel ,Agüero 1460 ,Tarde,Femenino,2
Rocío de Miel ,Agüero 1460 ,Tarde,Femenino,2
Rocío de Miel ,Agüero 1460 ,Tarde,Masculino,2
Rocío de Miel ,Agüero 1460 ,Tarde,Femenino,2
Rocío de Miel ,Agüero 1460 ,Tarde,Femenino,2
Rocío de Miel ,Agüero 1460 ,Tarde,Femenino,2
Rocío de Miel ,Agüero 1460 ,Tarde,Femenino,2
Rocío de Miel ,Agüero 1460 ,Tarde,Femenino,2
Rocío de Miel ,Agüero 1460 ,Tarde,Femenino,2
Rocío de Miel ,Agüero 1460 ,Tarde,Masculino,2
Semillitas ,Libertad 1400 ,Mañana,Masculino,1
Semillitas ,Libertad 1400 ,Mañana,Femenino,1
Semillitas ,Libertad 1400 ,Mañana,Femenino,1
Semillitas ,Libertad 1400 ,Mañana,Masculino,1
Semillitas ,Libertad 1400 ,Mañana,Masculino,1
Semillitas ,Libertad 1400 ,Mañana,Femenino,1
Semillitas ,Libertad 1400 ,Mañana,Masculino,1
Semillitas ,Libertad 1400 ,Tarde,Femenino,1
Semillitas ,Libertad 1400 ,Tarde,Femenino,1
Semillitas ,Libertad 1400 ,Tarde,Masculino,1
Semillitas ,Libertad 1400 ,Tarde,Femenino,1
Semillitas ,Libertad 1400 ,Tarde,Masculino,1
Semillitas ,Libertad 1400 ,Tarde,Masculino,1
Semillitas ,Libertad 1400 ,Mañana,Masculino,2
Semillitas ,Libertad 1400 ,Mañana,Femenino,2
Semillitas ,Libertad 1400 ,Mañana,Femenino,2
Semillitas ,Libertad 1400 ,Mañana,Masculino,2
Semillitas ,Libertad 1400 ,Mañana,Femenino,2
Semillitas ,Libertad 1400 ,Mañana,Femenino,2
Semillitas ,Libertad 1400 ,Mañana,Masculino,2
Semillitas ,Libertad 1400 ,Mañana,Masculino,2
Semillitas ,Libertad 1400 ,Mañana,Masculino,2
Semillitas ,Libertad 1400 ,Mañana,Femenino,2
Semillitas ,Libertad 1400 ,Mañana,Femenino,2
Semillitas ,Libertad 1400 ,Mañana,Femenino,2
Semillitas ,Libertad 1400 ,Mañana,Masculino,2
Semillitas ,Libertad 1400 ,Mañana,Femenino,2
Semillitas ,Libertad 1400 ,Mañana,Femenino,2
Semillitas ,Libertad 1400 ,Mañana,Masculino,2
Semillitas ,Libertad 1400 ,Mañana,Masculino,2
Semillitas ,Libertad 1400 ,Mañana,Masculino,2
Semillitas ,Libertad 1400 ,Mañana,Masculino,2
Semillitas ,Libertad 1400 ,Mañana,Masculino,2
Semillitas ,Libertad 1400 ,Mañana,Masculino,2
Semillitas ,Libertad 1400 ,Tarde,Femenino,2
Semillitas ,Libertad 1400 ,Tarde,Femenino,2
Semillitas ,Libertad 1400 ,Tarde,Masculino,2
Semillitas ,Libertad 1400 ,Tarde,Masculino,2
Semillitas ,Libertad 1400 ,Tarde,Masculino,2
Semillitas ,Libertad 1400 ,Tarde,Femenino,2
Semillitas ,Libertad 1400 ,Tarde,Femenino,2
Semillitas ,Libertad 1400 ,Tarde,Femenino,2
Semillitas ,Libertad 1400 ,Tarde,Femenino,2
Semillitas ,Libertad 1400 ,Tarde,Femenino,2
Semillitas ,Libertad 1400 ,Tarde,Femenino,2
Semillitas ,Libertad 1400 ,Tarde,Masculino,2
Semillitas ,Libertad 1400 ,Mañana,Femenino,3
Semillitas ,Libertad 1400 ,Mañana,Femenino,3
Semillitas ,Libertad 1400 ,Mañana,Masculino,3
Semillitas ,Libertad 1400 ,Mañana,Femenino,3
Semillitas ,Libertad 1400 ,Mañana,Femenino,3
Semillitas ,Libertad 1400 ,Mañana,Masculino,3
Semillitas ,Libertad 1400 ,Mañana,Masculino,3
Semillitas ,Libertad 1400 ,Mañana,Masculino,3
Semillitas ,Libertad 1400 ,Mañana,Masculino,3
Semillitas ,Libertad 1400 ,Mañana,Masculino,3
Semillitas ,Libertad 1400 ,Mañana,Femenino,3
Semillitas ,Libertad 1400 ,Mañana,Femenino,3
Semillitas ,Libertad 1400 ,Tarde,Femenino,3
Semillitas ,Libertad 1400 ,Tarde,Femenino,3
Semillitas ,Libertad 1400 ,Tarde,Masculino,3
Semillitas ,Libertad 1400 ,Tarde,Masculino,3
Semillitas ,Libertad 1400 ,Tarde,Masculino,3
Semillitas ,Libertad 1400 ,Tarde,Femenino,3
Semillitas ,Libertad 1400 ,Tarde,Masculino,3
Semillitas ,Libertad 1400 ,Tarde,Masculino,3
Semillitas ,Libertad 1400 ,Tarde,Masculino,3
Semillitas ,Libertad 1400 ,Tarde,Femenino,3
Semillitas ,Libertad 1400 ,Tarde,Femenino,3
Semillitas ,Libertad 1400 ,Tarde,Masculino,3
Semillitas ,Libertad 1400 ,Tarde,Masculino,3
Semillitas ,Libertad 1400 ,Tarde,Masculino,3
Semillitas ,Libertad 1400 ,Tarde,Femenino,3
Semillitas ,Libertad 1400 ,Tarde,Femenino,3
Semillitas ,Libertad 1400 ,Tarde,Masculino,3
Semillitas ,Libertad 1400 ,Tarde,Femenino,3
Semillitas ,Libertad 1400 ,Tarde,Masculino,3
Semillitas ,Libertad 1400 ,Tarde,Masculino,3
Semillitas ,Libertad 1400 ,Tarde,Femenino,3
Semillitas ,Libertad 1400 ,Tarde,Femenino,3
Semillitas ,Libertad 1400 ,Tarde,Femenino,3
Semillitas ,Libertad 1400 ,Tarde,Femenino,3
Semillitas ,Libertad 1400,Tarde,Masculino,1