institucion,nivel,tipo_gestion,calle_sede,altura_sede,telefono_sede,nombre_carrera,titulo_intermedio,nombre_titulo_intermedio,extension_años,modalidad,area_de_interes,subcategoria,pasantias,inicio_carrera,mail,pagina_web,instagram,facebook
EPA N° 3 (Escuela Provincial de Arte),Terciario,Pública,12 de Octubre,1105,3462545206,PROFESORADO DE TEATRO,,,4,Presencial,Ciencias sociales y humanas,Educación,,,epanro3venado@gmail.com,,escueladearte.3,Escuela Provincial de Arte N°3
EPA N° 3 (Escuela Provincial de Arte),Terciario,Pública,12 de Octubre,1105,3462545206,PROFESORADO DE ARTES AUDIOVISUALES,,,4,Presencial,Ciencias sociales y humanas,Educación,,1/4/2014,epanro3venado@gmail.com,,escueladearte.3,
Escuela Superior de Enfermería V.T.,Terciario,Pública,Francia,1315,3462420524,TECNICATURA SUPERIOR EN ENFERMERÍA,,,3,Presencial,Ciencias biológicas y de la salud,Salud,,2006,escuelasuperiordeenfermeriavt@hotmail.com,,,Escuela Superior de Enfermería Venado Tuerto
"ICES (Inst. Sup. Part. Nro. 9145 ""Católico de Enseñanza Superior"")",Terciario,Privada,Mitre,1053,3462424021,COORDINADOR Y TÉCNICO EN TURISMO,,,3,Presencial,Ciencias sociales y humanas,Administración y organización,,,secretaria@instituto-ices.edu.ar,www.instituto-ices.edu.ar,ices.vt,Instituto Sperior Particular Incorporado 9145 ICES
"ICES (Inst. Sup. Part. Nro. 9145 ""Católico de Enseñanza Superior"")",Terciario,Privada,Mitre,1053,3462424021,TÉCNICO SUPERIOR EN COMERCIALIZACIÓN,,,3,Presencial,Ciencias sociales y humanas,Administración y organización,,,secretaria@instituto-ices.edu.ar,www.instituto-ices.edu.ar,ices.vt,Instituto Superior Incorporado 9145 ICES
"ICES (Inst. Sup. Part. Nro. 9145 ""Católico de Enseñanza Superior"")",Terciario,Privada,Mitre,1053,3462424021,PROFESORADO DE EDUCACIÓN SECUNDARIA EN HISTORIA,,,4,Presencial,Ciencias sociales y humanas,Educación,,,secretaria@instituto-ices.edu.ar,www.instituto-ices.edu.ar,ices.vt,Instituto Particular Incorporado 9145 ICES
"ICES (Inst. Sup. Part. Nro. 9145 ""Católico de Enseñanza Superior"")",Terciario,Privada,Mitre,1053,3462424021,PROFESORADO DE EDUCACIÓN FÍSICA,,,4,Presencial,Ciencias sociales y humanas,Educación,,,secretaria@instituto-ices.edu.ar,www.instituto-ices.edu.ar,ices.vt,Instituto Superior Particular Incorporado 9145 ICES
"ICES (Inst. Sup. Part. Nro. 9145 ""Católico de Enseñanza Superior"")",Terciario,Privada,Mitre,1053,3462424021,PROFESORADO DE EDUCACIÓN INICIAL,,,4,Presencial,Ciencias sociales y humanas,Educación,,,secretaria@instituto-ices.edu.ar,www.instituto-ices.edu.ar,ices.vt,Instituto Superior Incorporado 9145 ICES
"ICES (Inst. Sup. Part. Nro. 9145 ""Católico de Enseñanza Superior"")",Terciario,Privada,Mitre,1053,3462424021,PROFESORADO DE EDUCACIÓN SECUNDARIA EN LENGUA Y LITERATURA,,,4,Presencial,Ciencias sociales y humanas,Educación,,,secretaria@instituto-ices.edu.ar,www.instituto-ices.edu.ar,ices.vt,Instituto Superior Particular Incorporado 9145 ICES
"ICES (Inst. Sup. Part. Nro. 9145 ""Católico de Enseñanza Superior"")",Terciario,Privada,Mitre,1053,3462424021,PROFESORADO DE EDUCACIÓN SECUNDARIA EN MATEMÁTICA,,,4,Presencial,Ciencias sociales y humanas,Educación,,,secretaria@instituto-ices.edu.ar,www.instituto-ices.edu.ar,ices.vt,Instituto Superior Particular Incorporado 9145 ICES
"ICES (Inst. Sup. Part. Nro. 9145 ""Católico de Enseñanza Superior"")",Terciario,Privada,Mitre,1053,3462424021,PROFESORADO EN ENSEÑANZA PRIMARIA,,,4,Presencial,Ciencias sociales y humanas,Educación,,,secretaria@instituto-ices.edu.ar,www.instituto-ices.edu.ar,ices.vt,Instituto Superior Particular Incorporado 9145 ICES
"ICES (Inst. Sup. Part. Nro. 9145 ""Católico de Enseñanza Superior"")",Terciario,Privada,Mitre,1053,3462424021,TECNICATURA SUPERIOR EN TRABAJO SOCIAL,,,4,Presencial,Ciencias sociales y humanas,Social,,,secretaria@instituto-ices.edu.ar,www.instituto-ices.edu.ar,ices.vt,Instituto Superior Particular Incorporado 9145 ICES
"ICES (Inst. Sup. Part. Nro. 9145 ""Católico de Enseñanza Superior"")",Terciario,Privada,Mitre,1053,3462424021,TECNICATURA SUPERIOR EN ENFERMERÍA,,,3,Presencial,Ciencias biológicas y de la salud,Salud,,,secretaria@instituto-ices.edu.ar,www.instituto-ices.edu.ar,ices.vt,Instituto Superior Particular Incorporado 9145 ICES
"ICES (Inst. Sup. Part. Nro. 9145 ""Católico de Enseñanza Superior"")",Terciario,Privada,Mitre,1053,3462424021,TECNICATURA SUPERIOR EN DISEÑO GRÁFICO,,,3,Presencial,"Ciencias exactas, tecnológicas y diseño",Proyectual: arquitectura y diseño,,,secretaria@instituto-ices.edu.ar,www.instituto-ices.edu.ar,ices.vt,Instituto Superior Particular Incorporado 9145 ICES
"ICES (Inst. Sup. Part. Nro. 9145 ""Católico de Enseñanza Superior"")",Terciario,Privada,Mitre,1053,3462424021,TECNICATURA SUPERIOR DESARROLLO DE SOFTWARE,,,3,Presencial,"Ciencias exactas, tecnológicas y diseño",Tecnología,,,secretaria@instituto-ices.edu.ar,www.instituto-ices.edu.ar,ices.vt,Instituto Superior Particular Incorporado 9145 ICES
"IES Nro. 7 (Inst. de Ed. Sup. Nro. 7 ""Brigadier E. López"")",Terciario,Pública,"Estrugamou, Avenida Alejandro (Par)",250,3462421514,PROFESORADO DE ARTES VISUALES CON ORIENTACIÓN EN PRODUCCIÓN,No,,4,Presencial,Ciencias sociales y humanas,Educación,,2004,alumnadoies7@gmail.com,www.ies7venadotuerto.edu.ar,inst.prof.7,Instituto de Educación Superior N°7
"IES Nro. 7 (Inst. de Ed. Sup. Nro. 7 ""Brigadier E. López"")",Terciario,Pública,"Estrugamou, Avenida Alejandro (Par)",250,3462421514,PROFESORADO DE EDUCACIÓN INICIAL,No,,4,Presencial,Ciencias sociales y humanas,Educación,,1973,alumnadoies7@gmail.com,www.ies7venadotuerto.edu.ar,inst.prof.7,Instituto de Educación Superior n°7
"IES Nro. 7 (Inst. de Ed. Sup. Nro. 7 ""Brigadier E. López"")",Terciario,Pública,"Estrugamou, Avenida Alejandro (Par)",250,3462421514,PROFESORADO DE EDUCACIÓN SECUNDARIA EN BIOLOGÍA,No,,4,Presencial,Ciencias sociales y humanas,Educación,,1973,alumnadoies7@gmail.com,www.ies7venadotuerto.edu.ar,inst.prof.7,Instituto de Educación Superior N°7
"IES Nro. 7 (Inst. de Ed. Sup. Nro. 7 ""Brigadier E. López"")",Terciario,Pública,"Estrugamou, Avenida Alejandro (Par)",250,3462421514,PROFESORADO DE EDUCACIÓN PRIMARIA,No,,4,Presencial,Ciencias sociales y humanas,Educación,,1974,alumnadoies7@gmail.com,www.ies7venadotuerto.edu.ar,inst.prof.7,Instituto de Educación Superior N°7
"IES Nro. 7 (Inst. de Ed. Sup. Nro. 7 ""Brigadier E. López"")",Terciario,Pública,"Estrugamou, Avenida Alejandro (Par)",250,3462421514,PROFESORADO DE EDUCACIÓN SECUNDARIA EN GEOGRAFÍA,No,,4,Presencial,Ciencias sociales y humanas,Educación,,1965,alumnadoies7@gmail.com,www.ies7venadotuerto.edu.ar,inst.prof.7,Instituto de Educación Superior N°7
SIGLO 21 (Universidad Siglo 21),Universitario,Privada,Maipú,1102,3462531039,ABOGACÍA,Sí,PROCURADOR,5,Virtual,Ciencias sociales y humanas,Jurídicas,,,malena.galante@cau.ues21.edu.ar,www.inscribite.21.edu.ar/cau-venado-tuerto,siglo21.fundoc,
"IES Nro. 7 (Inst. de Ed. Sup. Nro. 7 ""Brigadier E. López"")",Terciario,Pública,"Estrugamou, Avenida Alejandro (Par)",250,3462421514,PROFESORADO DE INGLÉS PARA EDUCACIÓN INICIAL Y EDUCACIÓN PRIMARIA,,,4,Presencial,Ciencias sociales y humanas,Educación,,,alumnadoies7@gmail.com,www.ies7venadotuerto.edu.ar,inst.prof.7,Instituto de Educación Superior N° 7
SIGLO 21 (Universidad Siglo 21),Universitario,Privada,Maipú,1102,3462531039,ACTUARIO,,,4,Virtual,Ciencias sociales y humanas,Administración y organización,,,,www.inscribite.21.edu.ar/cau-venado-tuerto,siglo21.fundoc,
"IES Nro. 7 (Inst. de Ed. Sup. Nro. 7 ""Brigadier E. López"")",Terciario,Pública,"Estrugamou, Avenida Alejandro (Par)",250,3462421514,PROFESORADO DE INGLÉS PARA EDUCACIÓN SECUNDARIA,No,,4,Presencial,Ciencias sociales y humanas,Educación,,1965,alumnadoies7@gmail.com,www.ies7venadotuerto.edu.ar,inst.prof.7,Instituto de Educación Superior N°7
SIGLO 21 (Universidad Siglo 21),Universitario,Privada,Maipú,1102,3462462525,CONTADOR PÚBLICO,,,4,Virtual,Ciencias sociales y humanas,Administración y organización,,,,www.inscribite.21.edu.ar/cau-venado-tuerto,siglo21.fundoc,
"IES Nro. 7 (Inst. de Ed. Sup. Nro. 7 ""Brigadier E. López"")",Terciario,Pública,"Estrugamou, Avenida Alejandro (Par)",250,3462421514,PROFESORADO DE EDUCACIÓN SECUNDARIA EN CIENCIAS DE LA ADMINISTRACIÓN,No,,4,Presencial,Ciencias sociales y humanas,Educación,,1988,alumnadoies@gmail.com,www.ies7venadotuerto.edu.ar,inst.prof.7,Instituto de Educación Superior N°7
SIGLO 21 (Universidad Siglo 21),Universitario,Privada,Maipú,1102,3462531039,LICENCIATURA EN ADMINISTRACIÓN,Sí,TÉCNICO/A UNIVERSITARIO/A EN PLANIFICACIÓN GERENCIAL,4,Virtual,Ciencias sociales y humanas,Administración y organización,,,,www.inscribite.21.edu.ar/cau-venado-tuerto,siglo21.fundoc,
"IES Nro. 7 (Inst. de Ed. Sup. Nro. 7 ""Brigadier E. López"")",Terciario,Pública,"Estrugamou, Avenida Alejandro (Par)",250,3462421514,PROFESORADO DE EDUCACIÓN SUPERIOR EN CIENCIAS DE LA EDUCACIÓN,No,,5,Presencial,Ciencias sociales y humanas,Educación,,1965,alumnadoies7@gmail.com,www.ies7venadotuerto.edu.ar,inst.prof.7,Instituto de Educación Superior N°7
SIGLO 21 (Universidad Siglo 21),Universitario,Privada,Maipú,1102,3462531039,LICENCIATURA EN ADMINISTRACIÓN AGRARIA,Sí,TÉCNICO/A UNIVERSITARIO/A EN ADMINISTRACIÓN AGRARIA,4,Virtual,Ciencias sociales y humanas,Administración y organización,,,,www.inscribite.21.edu.ar/cau-venado-tuerto,siglo21.fundoc,
"IES Nro. 7 (Inst. de Ed. Sup. Nro. 7 ""Brigadier E. López"")",Terciario,Pública,"Estrugamou, Avenida Alejandro (Par)",250,3462421514,PROFESORADO EN EDUCACIÓN ESPECIAL CON ORIENTACIÓN EN DISCAPACIDAD INTELECTUAL,No,,4,Presencial,Ciencias sociales y humanas,Educación,,1975,alumnadoies7@gmail.com,www.ies7venadotuerto.edu.ar,inst.prof.7,Instituto de Eduación Superior N°7
SIGLO 21 (Universidad Siglo 21),Universitario,Privada,Maipú,1102,3462531039,LICENCIATURA EN ADMINISTRACIÓN HOTELERA,Sí,TÉCNICO/A UNIVERSITARIO/A EN HOTELERÍA,4,Virtual,Ciencias sociales y humanas,Administración y organización,,,,www.inscribite.21.edu.ar/cau-venado-tuerto,siglo21.fundoc,
"IES Nro. 7 (Inst. de Ed. Sup. Nro. 7 ""Brigadier E. López"")",Terciario,Pública,"Estrugamou, Avenida Alejandro (Par)",250,3462421514,"TECNICATURA SUPERIOR EN GESTIÓN DE ENERGÍAS RENOVABLES, USO RACIONAL Y EFICIENCIA ENERGÉTICA",No,,3,Presencial,Ciencias biológicas y de la salud,Ecología,,2015,alumnadoies7@gmail.com,www.ies7venadotuerto.edu.ar,inst.prof.7,Instituto de Educación Superior N°7
"IES Nro. 7 (Inst. de Ed. Sup. Nro. 7 ""Brigadier E. López"")",Terciario,Pública,"Estrugamou, Avenida Alejandro (Par)",250,3462421514,TECNICATURA SUPERIOR EN DESARROLLO DE SOFTWARE,No,,3,Presencial,"Ciencias exactas, tecnológicas y diseño",Tecnología,,2016,alumnadoies7@gmail.com,www.ies7venadotuerto.edu.ar,inst.prof.7,Instituto de Educación Superior N°7
SIGLO 21 (Universidad Siglo 21),Universitario,Privada,Maipú,1102,3462531039,LICENCIATURA EN ADMINISTRACIÓN PÚBLICA,Sí,ANALISTA UNIVERSITARIO/A EN ADMINISTRACIÓN PÚBLICA,4,Virtual,Ciencias sociales y humanas,Administración y organización,,,,www.inscribite.21.edu.ar/cau-venado-tuerto,siglo21.fundoc,
SIGLO 21 (Universidad Siglo 21),Universitario,Privada,Maipú,1102,3462531039,LICENCIATURA EN ANTROPOLOGÍA ORGANIZACIONAL,,,4,Virtual,Ciencias sociales y humanas,Social,,,,www.inscribite.21.edu.ar/cau-venado-tuerto,siglo21.fundoc,
SIGLO 21 (Universidad Siglo 21),Universitario,Privada,Maipú,1102,3462531039,LICENCIATURA EN CIENCIA DE DATOS,,,4,Virtual,"Ciencias exactas, tecnológicas y diseño",Tecnología,,,,www.inscribite.21.edu.ar/cau-venado-tuerto,siglo21.fundoc,
SIGLO 21 (Universidad Siglo 21),Universitario,Privada,Maipú,1102,3462531039,LICENCIATURA EN CIENCIA POLÍTICA Y GOBIERNO,,,4,Virtual,Ciencias sociales y humanas,Social,,,,www.inscribite.21.edu.ar/cau-venado-tuerto,siglo21.fundoc,
"Inst. Superior incorporado Nro. 4058 ""Dante Alighieri""",Terciario,Privada,Chaco,951,3462421096,TECNICATURA SUPERIOR EN GESTIÓN DE ORGANIZACIONES,,,3,Presencial,Ciencias sociales y humanas,Administración y organización,,1999,institutodante@hotmail.com,www.institutodante.edu.ar,institutodantevt,Instituto Dante Alighieri - Venado Tuerto
SIGLO 21 (Universidad Siglo 21),Universitario,Privada,Maipú,1102,3462531039,LICENCIATURA EN COMERCIALIZACIÓN -MARKETING,Sí,ANALISTA UNIVERSITARIO/A DE MERCADOY ESTRATEGIAS EN COMERCIALIZACIÓN,4,Virtual,Ciencias sociales y humanas,Administración y organización,,,,www.inscribite.21.edu.ar/cau-venado-tuerto,siglo21.fundoc,
"Inst. Superior Incorporado Nro. 4058 ""Dante Alighieri""",Terciario,Privada,Chaco,951,3462421096,TECNICATURA SUPERIOR EN ADMINISTRACIÓN RURAL,,,3,Presencial,Ciencias sociales y humanas,Administración y organización,,1999,institutodante@hotmail.com,www.institutodante.edu.ar,institutodantevt,Instituto Dante Alighieri - Venado Tuerto
SIGLO 21 (Universidad Siglo 21),Universitario,Privada,Maipú,1102,3462531039,LICENCIATURA EN COMERCIO INTERNACIONAL,Sí,TÉCNICO UIVERSITARIO EN COMERCIO INTERNACIONAL,4,Virtual,Ciencias sociales y humanas,Administración y organización,,,,www.inscribite.21.edu.ar/cau-venado-tuerto,siglo21.fundoc,
SIGLO 21 (Universidad Siglo 21),Universitario,Privada,Maipú,1102,3462531039,LICENCIATURA EN CRIMINOLOGÍA Y SEGURIDAD,,,4,Virtual,Ciencias sociales y humanas,Defensa y seguridad,,,,www.inscribite.21.edu.ar/cau-venado-tuerto,siglo21.fundoc,
SIGLO 21 (Universidad Siglo 21),Universitario,Privada,Maipú,1102,3462531039,LICENCIATURA EN DISEÑO Y ANIMACIÓN DIGITAL,,,4,Virtual,"Ciencias exactas, tecnológicas y diseño",Proyectual: arquitectura y diseño,,,,www.inscribite.21.edu.ar/cau-venado-tuerto,siglo21.fundoc,
"Inst. Superior Incorporado Nro. 4058 ""Dante Alighieri""",Terciario,Privada,Chaco,951,3462421096,TECNICATURA SUPERIOR EN PERIODISMO,,,3,Presencial,Ciencias sociales y humanas,Comunicación,,1994,institutodante@hotmail.com,www.institutodante.edu.ar,institutodantevt,Instituto Dante Alighieri - Venado Tuerto
SIGLO 21 (Universidad Siglo 21),Universitario,Privada,Maipú,1102,3462531039,LICENCIATURA EN EDUCACIÓN Y NUEVAS TECNOLOGÍAS,,,4,Virtual,Ciencias sociales y humanas,Educación,,,,www.inscribite.21.edu.ar/cau-venado-tuerto,siglo21.fundoc,
SIGLO 21 (Universidad Siglo 21),Universitario,Privada,Maipú,1102,3462531039,LICENCIATURA EN FINANZAS CORPORATIVAS Y MERCADOS DE VALORES,,,4,Virtual,Ciencias sociales y humanas,Administración y organización,,,,www.inscribite.21.edu.ar/cau-venado-tuerto,siglo21.fundoc,
"Inst. Superior Incorporado Nro. 4058 ""Dante Alighieri""",Terciario,Privada,Chaco,951,3462421096,"TECNICATURA SUPERIOR EN SEGURIDAD, HIGIENE  Y MEDIO AMBIENTE EN EL TRABAJO",,,3,Presencial,"Ciencias exactas, tecnológicas y diseño",Tecnología,,2015,institutodante@hotmail.com,www.institutodante.edu.ar,institutodantevt,Instituto Dante Alighieri - Venado Tuerto
IUNIR (Instituto Universitario Italiano de Rosario),Universitario,Privada,Marconi,714,3417037888,LICENCIATURA EN PSICOLOGÍA,,,5,Presencial,Ciencias biológicas y de la salud,Salud,,2018,psicologiavt@iunir.edu.ar,www.iunir.edu.ar,iunirrosario,
SIGLO 21 (Universidad Siglo 21),Universitario,Privada,Maipú,1102,3462531039,LICENCIATURA EN GESTIÓN AMBIENTAL,Sí,TÉCNICO UNIVERSITARIO EN EVALUACIÓN DEL IMPACTO AMBIENTAL,4,Virtual,Ciencias biológicas y de la salud,Ecología,,,,www.inscribite.21.edu.ar/cau-venado-tuerto,siglo21.fundoc,
SIGLO 21 (Universidad Siglo 21),Universitario,Privada,Maipú,1102,3462531039,LICENCIATURA EN GESTIÓN DE RECURSOS HUMANOS,Sí,TÉCNICO UNIVERSITARIO EN GESTIÓN DE RECURSOS HUMANOS,4,Virtual,Ciencias sociales y humanas,Social,,,,www.inscribite.21.edu.ar/cau-venado-tuerto,siglo21.fundoc,
SIGLO 21 (Universidad Siglo 21),Universitario,Privada,Maipú,1102,3462531039,LICENCIATURA EN GESTIÓN TURÍSTICA,Sí,TÉCNICO UNIVERSITARIO EN TURISMO,4,Virtual,Ciencias sociales y humanas,Administración y organización,,,,www.inscribite.21.edu.ar/cau-venado-tuerto,siglo21.fundoc,
SIGLO 21 (Universidad Siglo 21),Universitario,Privada,Maipú,1102,3462531039,"LICENCIATURA EN HIGIENE, SEGURIDAD Y MEDIO AMBIENTE DEL TRABAJO",Sí,TECNICATURA EN HIGIENE Y SEGURIDAD,4,Virtual,"Ciencias exactas, tecnológicas y diseño",Tecnología,,,,www.inscribite.21.edu.ar/cau-venado-tuerto,siglo21.fundoc,
SIGLO 21 (Universidad Siglo 21),Universitario,Privada,Maipú,1102,3462531039,LICENCIATURA EN INFORMÁTICA,Sí,ANALISTA UNIVERSITARIO EN SISTEMAS DE COMPUTACIÓN,5,Virtual,"Ciencias exactas, tecnológicas y diseño","Tecnología: ingeniería, agrarias, informática",,,,www.inscribite.21.edu.ar/cau-venado-tuerto,siglo21.fundoc,
UCEL (Universidad del Centro Educativo Latinoamericano),Universitario,Privada,"Santa Fe, Avda. (Impar)",1859,3462461123,DERECHO,Sí,Procurador,5,Presencial,Ciencias sociales y humanas,Jurídicas,,2001,adm@accuvt.com.ar,www.accuvt.com.ar,,
UCEL (Universidad del Centro Educativo Latinoamericano),Universitario,Privada,"Santa Fe, Avda. (Impar)",1859,3462461123,LICENCIATURA EN NUTRICIÓN,Sí,Técnico Universitario en Nutrición,5,Presencial,Ciencias biológicas y de la salud,Salud,,2012,adm@accuvt.com.ar,,,
SIGLO 21 (Universidad Siglo 21),Universitario,Privada,Maipú,1102,3462531039,LICENCIATURA EN INTELIGENCIA ARTIFICIAL Y ROBÓTICA,,,4,Virtual,"Ciencias exactas, tecnológicas y diseño",Tecnología,,,,www.inscribite.21.edu.ar/cau-venado-tuerto,siglo21.fundoc,
SIGLO 21 (Universidad Siglo 21),Universitario,Privada,Maipú,1102,3462531039,LICENCIATURA EN LOGÍSTICA GLOBAL,,,4,Virtual,"Ciencias exactas, tecnológicas y diseño",Administración y organización,,,,www.inscribite.21.edu.ar/cau-venado-tuerto,siglo21.fundoc,
SIGLO 21 (Universidad Siglo 21),Universitario,Privada,Maipú,1102,3462531039,LICENCIATURA EN MATEMÁTICA,,,4,Virtual,Ciencias sociales y humanas,Educación,,,,www.inscribite.21.edu.ar/cau-venado-tuerto,siglo21.fundoc,
UCES (Universidad de Ciencias Empresariales y Sociales),Universitario,Privada,Castelli,501,3462437676,LICENCIATURA EN ADMINISTRACIÓN DE EMPRESAS,,,4,Presencial,Ciencias sociales y humanas,Administración y organización,,2018,sperez@uces.edu.ar,www.uces.edu.ar,ucesvenado,UCES Venado Tuerto
UCES (Universidad de Ciencias Empresariales y Sociales),Universitario,Privada,Castelli,501,3462437676,LICENCIATURA EN COMERCIO EXTERIOR,Sí,TEC. UNIV. EN COMERCIO EXTERIOR,4,Presencial,Ciencias sociales y humanas,Administración y organización,,2015,sperez@uces.edu.ar,www.uces.edu.ar,ucesvenado,UCES Venado Tuerto
UCES (Universidad de Ciencias Empresariales y Sociales),Universitario,Privada,Castelli,501,3462437676,LICENCIATURA EN MARKETING,,,4,Presencial,Ciencias sociales y humanas,Administración y organización,,2025,sperez@uces.edu.ar,www.uces.edu.ar,ucesvenado,UCES Venado Tuerto
UCES (Universidad de Ciencias Empresariales y Sociales),Universitario,Privada,Castelli,501,3462437676,LICENCIATURA EN DIRECCIÓN DE NEGOCIOS,,,4,Presencial,Ciencias sociales y humanas,Administración y organización,,2025,sperez@uces.edu.ar,www.uces.edu.ar,ucesvenado,UCES Venado Tuerto
SIGLO 21 (Universidad Siglo 21),Universitario,Privada,Maipú,1102,3462531039,LICENCIATURA EN PERIODISMO,,,4,Virtual,Ciencias sociales y humanas,Comunicación,,,,www.inscribite.21.edu.ar/cau-venado-tuerto,siglo21.fundoc,
UCES (Universidad de Ciencias Empresariales y Sociales),Universitario,Privada,Castelli,501,3462437676,LICENCIATURA EN RECURSOS HUMANOS,Sí,TEC. UNIV. EN ADMINISTRACIÓN DE RECURSOS HUMANOS,4,Presencial,Ciencias sociales y humanas,Social,,2010,sperez@uces.edu.ar,www.uces.edu.ar,ucesvenado,UCES Venado Tuerto
SIGLO 21 (Universidad Siglo 21),Universitario,Privada,Maipú,1102,3462531039,LICENCIATURA EN PUBLICIDAD,Sí,TÉCNICA/O UNIVERSITARIA/O EN PUBLICIDAD,4,Virtual,Ciencias sociales y humanas,Comunicación,,,,www.inscribite.21.edu.ar/cau-venado-tuerto,siglo21.fundoc,
SIGLO 21 (Universidad Siglo 21),Universitario,Privada,Maipú,1102,3462531039,LICENCIATURA EN RELACIONES PÚBLICAS E INSTITUCIONALES,Sí,ANALISTA UNIVERSITARIO EN RELACIONES PÚBLICAS E INSTITUCIONALES,4,Virtual,Ciencias sociales y humanas,Social,,,,www.inscribite.21.edu.ar/cau-venado-tuerto,siglo21.fundoc,
SIGLO 21 (Universidad Siglo 21),Universitario,Privada,Maipú,1102,3462531039,LICENCIATURA EN SEGURIDAD INFORMÁTICA,,,4,Virtual,Ciencias sociales y humanas,Defensa y seguridad,,,,www.inscribite.21.edu.ar/cau-venado-tuerto,siglo21.fundoc,
SIGLO 21 (Universidad Siglo 21),Universitario,Privada,Maipú,1102,3462531039,LICENCIATURA EN TERAPIA OCUPACIONAL Y DESARROLLO HUMANO,,,4,Virtual,Ciencias biológicas y de la salud,Salud,,,,www.inscribite.21.edu.ar/cau-venado-tuerto,siglo21.fundoc,
SIGLO 21 (Universidad Siglo 21),Universitario,Privada,Maipú,1102,3462531039,LICENCIATURA EN INTELIGENCIA EN NEGOCIOS DIGITALES,,,4,Virtual,"Ciencias exactas, tecnológicas y diseño",Tecnología,,,,www.inscribite.21.edu.ar/cau-venado-tuerto,siglo21.fundoc,
SIGLO 21 (Universidad Siglo 21),Universitario,Privada,Maipú,1102,3462531039,LICENCIATURA EN BIOINFORMÁTICA,,,4,Virtual,"Ciencias exactas, tecnológicas y diseño",Tecnología,,,,www.inscribite.21.edu.ar/cau-venado-tuerto,siglo21.fundoc,
UGR (Universidad del Gran Rosario),Universitario,Privada,Belgrano,202,3462462525,LICENCIATURA EN KINESIOLOGÍA Y FISIATRÍA,,,5,Presencial,Ciencias biológicas y de la salud,Salud,,,infovt@ugr.edu.ar,www.ugr.edu.ar,ugranrosario,
UGR (Universidad del Gran Rosario),Universitario,Privada,Belgrano,202,3462462525,LICENCIATURA EN PSICOPEDAGOGÍA,No,,4,Presencial,Ciencias biológicas y de la salud,Salud,,,infovt@ugr.edu.ar,www.ugr.edu.ar,ugranrosario,
UGR (Universidad del Gran Rosario),Universitario,Privada,Belgrano,202,3462462525,LICENCIATURA EN PSICOPEDAGOGÍA,No,,4,Virtual,Ciencias biológicas y de la salud,Salud,,,infovt@ugr.edu.ar,www.ugr.edu.ar,ugranrosario,
UGR (Universidad del Gran Rosario),Universitario,Privada,Belgrano,202,3462462525,LICENCIATURA EN TERAPIA OCUPACIONAL,No,,4,Mixta,Ciencias biológicas y de la salud,Salud,,,infovt@ugr.edu.ar,www.ugr.edu.ar,ugranrosario,
SIGLO 21 (Universidad Siglo 21),Terciario,Privada,Maipú,1102,3462531039,"MARTILLERO, CORREDOR PÚBLICO Y CORREDOR INMOBILIARIO",,,2.5,Virtual,Ciencias sociales y humanas,Jurídicas,,,,www.inscribite.21.edu.ar/cau-venado-tuerto,siglo21.fundoc,
SIGLO 21 (Universidad Siglo 21),Terciario,Privada,Maipú,1102,3462531039,PROCURADOR,,,3,Virtual,Ciencias sociales y humanas,Jurídicas,,,,www.inscribite.21.edu.ar/cau-venado-tuerto,siglo21.fundoc,
SIGLO 21 (Universidad Siglo 21),Terciario,Privada,Maipú,1102,3462531039,TECNICATURA  EN ADMINISTRACIÓN  PÚBLICA Y GESTIÓN DE POLÍTICAS PÚBLICAS,,,2.5,Virtual,Ciencias sociales y humanas,Administración y organización,,,,www.inscribite.21.edu.ar/cau-venado-tuerto,siglo21.fundoc,
UGR (Universidad del Gran Rosario),Universitario,Privada,Belgrano,202,3462462525,TECNICATURA UNIVERSITARIA EN COSMETOLOGÍA FACIAL Y CORPORAL,No,,3,Mixta,Ciencias biológicas y de la salud,Salud,,,infovt@ugr.edu.ar,www.ugr.edu.ar,ugranrosario,
SIGLO 21 (Universidad Siglo 21),Terciario,Privada,Maipú,1102,3462531039,TECNICATURA UNIVERSITARIA EN ADMINISTRACIÓN DE LA PROPIEDAD HORIZONTAL Y CONJUNTOS INMOBILIARIOS,,,2.5,Virtual,Ciencias sociales y humanas,Administración y organización,,,,www.inscribite.21.edu.ar/cau-venado-tuerto,siglo21.fundoc,
SIGLO 21 (Universidad Siglo 21),Terciario,Privada,Maipú,1102,3462531039,TECNICATURA EN ADMINISTRACIÓN Y GESTIÓN TRIBUTARIA,,,2.5,Virtual,Ciencias sociales y humanas,Administración y organización,,,,www.inscribite.21.edu.ar/cau-venado-tuerto,siglo21.fundoc,
UGR (Universidad del Gran Rosario),Universitario,Privada,Belgrano,202,3462462525,LICENCIATURA EN ACTIVIDAD FÍSICA,No,,4,Mixta,Ciencias biológicas y de la salud,Salud,,,infovt@ugr.edu.ar,www.ugr.edu.ar,ugranrosario,
SIGLO 21 (Universidad Siglo 21),Terciario,Privada,Maipú,1102,3462462525,TECNICATURA EN DIRECCIÓN DE EQUIPOS DE VENTA,,,2.5,Virtual,Ciencias sociales y humanas,Administración y organización,,,,www.inscribite.21.edu.ar/cau-venado-tuerto,siglo21.fundoc,
SIGLO 21 (Universidad Siglo 21),Terciario,Privada,Maipú,1102,3462531039,"TECNICATURA EN DIRECCIÓN EN PROTOCOLO, ORGANIZACIÓN DE EVENTOS Y RELACIONES PÚBLICAS",,,2.5,Virtual,Ciencias sociales y humanas,Social,,,,www.inscribite.21.edu.ar/cau-venado-tuerto,siglo21.fundoc,
SIGLO 21 (Universidad Siglo 21),Terciario,Privada,Maipú,1102,3462462525,TECNICATURA EN DISEÑO Y ANIMACIÓN DIGITAL,,,2.5,Virtual,"Ciencias exactas, tecnológicas y diseño",Proyectual: arquitectura y diseño,,,,www.inscribite.21.edu.ar/cau-venado-tuerto,siglo21.fundoc,
SIGLO 21 (Universidad Siglo 21),Terciario,Privada,Maipú,1102,3462531039,TECNICATURA  EN GESTIÓN ADMINISTRATIVA DE SERVICIOS DE SALUD,,,2.5,Virtual,Ciencias sociales y humanas,Administración y organización,,,,www.inscribite.21.edu.ar/cau-venado-tuerto,siglo21.fundoc,
SIGLO 21 (Universidad Siglo 21),Terciario,Privada,Maipú,1102,3462531039,TECNICATURA EN GESTIÓN CONTABLE E IMPOSITIVA,,,2.5,Virtual,Ciencias sociales y humanas,Administración y organización,,,,www.inscribite.21.edu.ar/cau-venado-tuerto,siglo21.fundoc,
SIGLO 21 (Universidad Siglo 21),Terciario,Privada,Maipú,1102,3462531039,TECNICATURA EN GESTIÓN DE EMPRESAS FAMILIARES,,,2.5,Virtual,Ciencias sociales y humanas,Administración y organización,,,,www.inscribite.21.edu.ar/cau-venado-tuerto,siglo21.fundoc,
SIGLO 21 (Universidad Siglo 21),Terciario,Privada,Maipú,1102,3462531039,TECNICATURA  EN GESTIÓN DE MODA,,,2.5,Virtual,"Ciencias exactas, tecnológicas y diseño",Proyectual: arquitectura y diseño,,,,www.inscribite.21.edu.ar/cau-venado-tuerto,siglo21.fundoc,
SIGLO 21 (Universidad Siglo 21),Terciario,Privada,Maipú,1102,3462531039,TECNICATURA EN GESTIÓN DE RECURSOS TURÍSTICOS,,,2.5,Virtual,Ciencias sociales y humanas,Administración y organización,,,,www.inscribite.21.edu.ar/cau-venado-tuerto,siglo21.fundoc,
SIGLO 21 (Universidad Siglo 21),Terciario,Privada,Maipú,1102,3462531039,TECNICATURA  EN GESTIÓN DEL CLIMA EN LAS ORGANIZACIONES,,,2.5,Virtual,Ciencias sociales y humanas,Administración y organización,,,,www.inscribite.21.edu.ar/cau-venado-tuerto,siglo21.fundoc,
SIGLO 21 (Universidad Siglo 21),Terciario,Privada,Maipú,1102,3462531039,TECNICATURA  EN GESTIÓN Y AUDITORÍAS AMBIENTALES,,,2.5,Virtual,Ciencias biológicas y de la salud,Ecología,,,,www.inscribite.21.edu.ar/cau-venado-tuerto,siglo21.fundoc,
SIGLO 21 (Universidad Siglo 21),Terciario,Privada,Maipú,1102,3462531039,TECNICATURA EN GESTIÓN Y RESPONSABILIDAD SOCIAL,,,2.5,Virtual,Ciencias sociales y humanas,Social,,,,www.inscribite.21.edu.ar/cau-venado-tuerto,siglo21.fundoc,
SIGLO 21 (Universidad Siglo 21),Terciario,Privada,Maipú,1102,3462531039,TECNICATURA  EN HIDROCARBUROS Y GEOCIENCIA,,,2.5,Virtual,"Ciencias exactas, tecnológicas y diseño",Tecnología,,,,www.inscribite.21.edu.ar/cau-venado-tuerto,siglo21.fundoc,
SIGLO 21 (Universidad Siglo 21),Terciario,Privada,Maipú,1102,3462531039,TECNICATURA EN HIGIENE Y SEGURIDAD LABORAL,,,2.5,Virtual,"Ciencias exactas, tecnológicas y diseño",Tecnología,,,,www.inscribite.21.edu.ar/cau-venado-tuerto,siglo21.fundoc,
UGR (Universidad del Gran Rosario),Universitario,Privada,Belgrano,202,3462462525,LICENCIATURA EN TERAPIA OCUPACIONAL,,,4,Virtual,Ciencias biológicas y de la salud,Salud,,,infovt@ugr.edu.ar,www.ugr.edu.ar,ugranrosario,
UGR (Universidad del Gran Rosario),Universitario,Privada,Belgrano,202,3462462525,LICENCIATURA EN ORTESIS Y PRÓTESIS,Sí,TECNICO/A UNIVERSITARIO/A EN ORTESIS Y PRÓTESIS,4,Mixta,Ciencias biológicas y de la salud,Salud,,,infovt@ugr.edu.ar,www.ugr.edu.ar,ugranrosario,
UGR (Universidad del Gran Rosario),Universitario,Privada,Belgrano,202,3462462525,TECNICATURA UNIVERSITARIA EN YOGA Y SALUD INTEGRAL,,,3,Mixta,Ciencias biológicas y de la salud,Salud,,,infovt@ugr.edu.ar,www.ugr.edu.ar,ugranrosario,
UGR (Universidad del Gran Rosario),Universitario,Privada,Belgrano,202,3462462525,TECNICATURA UNIVERSITARIA EN ACOMPAÑAMIENTO TERAPÉUTICO EN SALUD MENTAL Y ADICCIONES,,,2.5,Mixta,Ciencias biológicas y de la salud,Salud,,,infovt@ugr.edu.ar,www.ugr.edu.ar,ugranrosario,
UGR (Universidad del Gran Rosario),Universitario,Privada,Belgrano,202,3462462525,TECNICATURA UNIVERSITARIA EN SEGURIDAD PÚBLICA Y CIUDADANA,,,2.5,Virtual,Ciencias sociales y humanas,Defensa y seguridad,,,infovt@ugr.edu.ar,www.ugr.edu.ar,ugranrosario,
UGR (Universidad del Gran Rosario),Universitario,Privada,Belgrano,202,3462462525,TECNICATURA UNIVERSITARIA EN CIBERSEGURIDAD,,,2.5,Virtual,,,,,infovt@ugr.edu.ar,www.ugr.edu.ar,ugranrosario,
SIGLO 21 (Universidad Siglo 21),Terciario,Privada,Maipú,1102,3462531039,TECNICATURA EN INVESTIGACIÓN EN  LA ESCENA DEL CRIMEN,,,2.5,Virtual,Ciencias sociales y humanas,Defensa y seguridad,,,,www.inscribite.21.edu.ar/cau-venado-tuerto,siglo21.fundoc,
SIGLO 21 (Universidad Siglo 21),Terciario,Privada,Maipú,1102,3462531039,TECNICATURA  EN MARKETING  Y PUBLICIDAD DIGITAL,,,2.5,Virtual,Ciencias sociales y humanas,Comunicación,,,,www.inscribite.21.edu.ar/cau-venado-tuerto,lasiglo21enadotuerto,
SIGLO 21 (Universidad Siglo 21),Terciario,Privada,Maipú,1102,3462531039,TECNICATURA EN RELACIONES LABORALES,,,2.5,Virtual,Ciencias sociales y humanas,Social,,,,www.inscribite.21.edu.ar/cau-venado-tuerto,siglo21.fundoc,
UGR (Universidad del Gran Rosario),Universitario,Privada,Belgrano,202,3462462525,TECNICATURA UNIVERSITARIA EN GESTIÓN DE LA EDUCACIÓN,,,3,Virtual,,,,,infovt@ugr.edu.ar,www.ugr.edu.ar,ugranrosario,
SIGLO 21 (Universidad Siglo 21),Terciario,Privada,Maipú,1102,3462531039,TECNICATURA UNIVERSITARIA EN DISEÑO Y DESARROLLO DE VIDEOJUEGOS,,,2.5,Virtual,"Ciencias exactas, tecnológicas y diseño",Proyectual: arquitectura y diseño,,,,www.inscribite.21.edu.ar/cau-venado-tuerto,siglo21.fundoc,
SIGLO 21 (Universidad Siglo 21),Terciario,Privada,Maipú,1102,3462531039,TECNICATURA UNIVERSITARIA EN REDES INFORMÁTICAS Y TELECOMUNICACIONES,,,2.5,Virtual,"Ciencias exactas, tecnológicas y diseño",Tecnología,,,,www.inscribite.21.edu.ar/cau-venado-tuerto,siglo21.fundoc,
UGR (Universidad del Gran Rosario),Universitario,Privada,Belgrano,202,3462462525,TECNICATURA UNIVERSITARIA EN CIENCIAS DE DATOS,,,3,Virtual,"Ciencias exactas, tecnológicas y diseño",Tecnología,,,infovt@ugr.edu.ar,www.ugr.edu.ar,ugranrosario,
SIGLO 21 (Universidad Siglo 21),Terciario,Privada,Maipú,1102,3462531039,TECNICATURA UNIVERSITARIA EN PROMOCIÓN COMUNITARIA EN NIÑEZ Y ADOLESCENCIA,,,2.5,Virtual,Ciencias sociales y humanas,Social,,,,www.inscribite.21.edu.ar/cau-venado-tuerto,siglo21.fundoc,
UGR (Universidad del Gran Rosario),Universitario,Privada,Belgrano,202,3462462525,PROFESORADO DE EDUCACIÓN SECUNDARIA. MODALIDAD TÉCNICO PROFESIONAL,,,4,Virtual,,,,,infovt@ugr.edu.ar,www.ugr.edu.ar,ugranrosario,
UGR (Universidad del Gran Rosario),,Privada,Belgrano,202,3462462525,PROFESORADO UNIVERSITARIO,,,1.5,Virtual,Ciencias sociales y humanas,Educación,,,infovt@ugr.edu.ar,www.ugr.edu.ar,ugranrosario,
UGR (Universidad del Gran Rosario),Universitario,Privada,Belgrano,202,3462462525,LICENCIATURA EN PODOLOGÍA,Sí,TECNICATURA UNIVERSITARIA EN PODOLOGÍA,4,Presencial,Ciencias sociales y humanas,Salud,,,infovt@ugr.edu.ar,www.ugr.edu.ar,ugranrosario,
UGR (Universidad del Gran Rosario),Universitario,Privada,Belgrano,202,3462462525,LICENCIATURA EN PODOLOGÍA,Sí,TECNICATURA UNIVERSITARIA EN PODOLOGÍA,4,Mixta,Ciencias sociales y humanas,Salud,,,infovt@ugr.edu.ar,www.ugr.edu.ar,ugranrosario,
UBP (Universidad Blas Pascal),Universitario,Privada,Lisandro de La Torre,895,3462436136,LICENCIATURA EN ANIMACIÓN Y ARTE DIGITAL,,,4,Virtual,"Ciencias exactas, tecnológicas y diseño",Tecnología,,,venadotuerto@redpascal.com.ar,,ubpvenadotuerto_,
UBP (Universidad Blas Pascal),Universitario,Privada,Lisandro de La Torre,895,3462436136,LICENCIATURA EN SISTEMAS DE INFORMACIÓN,,,5,Virtual,"Ciencias exactas, tecnológicas y diseño",Tecnología,,,venadotuerto@redpascal.com.ar,,ubpvenadotuerto_,
UBP (Universidad Blas Pascal),Universitario,Privada,Lisandro de La Torre,895,3462436136,LICENCIATURA EN GESTIÓN AMBIENTAL,,,4,Virtual,Ciencias biológicas y de la salud,Ecología,,,venadotuerto@redpascal.com.ar,,ubpvenadotuerto_,
UBP (Universidad Blas Pascal),Universitario,Privada,Lisandro de La Torre,895,3462436136,LICENCIATURA EN HIGIENE Y SEGURIDAD LABORAL,,,4,Virtual,"Ciencias exactas, tecnológicas y diseño",Tecnología,,,venadotuerto@redpascal.com.ar,,ubpvenadotuerto_,
UBP (Universidad Blas Pascal),Universitario,Privada,Lisandro de La Torre,895,3462436136,ARQUITECTURA,,,5,Virtual,"Ciencias exactas, tecnológicas y diseño",Proyectual: arquitectura y diseño,,,venadotuerto@respascal.com.ar,,ubpvenadotuerto_,
UBP (Universidad Blas Pascal),Universitario,Privada,Lisandro de La Torre,895,3462436136,LICENCIATURA EN DISEÑO GRÁFICO,,,4,Virtual,"Ciencias exactas, tecnológicas y diseño",Proyectual: arquitectura y diseño,,,venadotuerto@respascal.com.ar,,ubpvenadotuerto_,
UBP (Universidad Blas Pascal),Universitario,Privada,Lisandro de La Torre,895,3462436136,CONTADOR PÚBLICO,,,4,Virtual,Ciencias sociales y humanas,Administración y organización,,,venadotuerto@redpascal.com.ar,,ubpvenadotuerto_,
UBP (Universidad Blas Pascal),Universitario,Privada,Lisandro de La Torre,895,3462436136,LICENCIATURA EN ADMINISTRACIÓN,,,4,Virtual,Ciencias sociales y humanas,Administración y organización,,,venadotuerto@redpascal.com.ar,,ubpvenadotuerto_,
UBP (Universidad Blas Pascal),Universitario,Privada,Lisandro de La Torre,895,3462436136,LICENCIATURA EN GESTIÓN DE RECURSOS HUMANOS,,,4,Virtual,Ciencias sociales y humanas,Social,,,venadotuerto@respascal.com.ar,,ubpvenadotuerto_,
UBP (Universidad Blas Pascal),Universitario,Privada,Lisandro de La Torre,895,3462436136,LICENCIATURA EN MARKETING,,,4,Virtual,Ciencias sociales y humanas,Administración y organización,,,venadotuerto@redpascal.com.ar,,ubpvenadotuerto_,
UBP (Universidad Blas Pascal),Universitario,Privada,Lisandro de La Torre,895,3462436136,LICENCIATURA EN NEGOCIOS DIGITALES,,,4,Virtual,Ciencias sociales y humanas,Administración y organización,,,venadotuerto@redpascal.com.ar,,ubpvenadotuerto_,
UBP (Universidad Blas Pascal),Universitario,Privada,Lisandro de La Torre,895,3462436136,LICENCIATURA EN OPERACIONES Y LOGÍSTICA,,,4,Virtual,Ciencias sociales y humanas,Administración y organización,,,venadotuerto@redpascal.com.ar,,ubpvenadotuerto_,
UBP (Universidad Blas Pascal),Universitario,Privada,Lisandro de La Torre,895,3462436136,ABOGACÍA,,,5,Virtual,Ciencias sociales y humanas,Jurídicas,,,venadotuerto@redpascal.com.ar,,ubpvenadotuerto_,
UBP (Universidad Blas Pascal),Universitario,Privada,Lisandro de La Torre,895,3462436136,LICENCIATURA EN SEGURIDAD,,,4,Virtual,Ciencias sociales y humanas,Defensa y seguridad,,,venadotuerto@redpascal.com.ar,,ubpvenadotuerto_,
UBP (Universidad Blas Pascal),Universitario,Privada,Lisandro de La Torre,895,3462436136,LICENCIATURA EN COMUNICACIÓN AUDIOVISUAL,,,4.5,Virtual,Ciencias sociales y humanas,Comunicación,,,venadotuerto@redpascal.com.ar,,ubpvenadotuerto_,
UBP (Universidad Blas Pascal),Universitario,Privada,Lisandro de La Torre,895,3462436136,LICENCIATURA EN COMUNICACIÓN INSTITUCIONAL,,,4.5,Virtual,Ciencias sociales y humanas,Comunicación,,,venadotuerto@redpascal.com.ar,,ubpvenadotuerto_,
UBP (Universidad Blas Pascal),Universitario,Privada,Lisandro de La Torre,895,3462436136,LICENCIATURA EN PERIODISMO Y NUEVOS MEDIOS,,,4.5,Virtual,Ciencias sociales y humanas,Comunicación,,,venadotuerto@redpascal.com.ar,,ubpvenadotuerto_,
UBP (Universidad Blas Pascal),Universitario,Privada,Lisandro de La Torre,895,3462436136,LICENCIATURA EN PUBLICIDAD,,,4,Virtual,Ciencias sociales y humanas,Comunicación,,,venadotuerto@redpascal.com.ar,,ubpvenadotuerto_,
UBP (Universidad Blas Pascal),Universitario,Privada,Lisandro de La Torre,895,3462436136,LICENCIATURA EN RELACIONES PÚBLICAS,,,4,Virtual,Ciencias sociales y humanas,Social,,,venadotuerto@redpascal.com.ar,,ubpvenadotuerto_,
UBP (Universidad Blas Pascal),Universitario,Privada,Lisandro de La Torre,895,3462436136,INGENIERÍA EN TELECOMUNICACIONES,,,5,Virtual,"Ciencias exactas, tecnológicas y diseño",Tecnología,,,venadotuerto@redpascal.com.ar,,ubpvenadotuerto_,
UBP (Universidad Blas Pascal),Universitario,Privada,Lisandro de La Torre,895,3462436136,INGENIERÍA INFORMÁTICA,,,5,Virtual,"Ciencias exactas, tecnológicas y diseño",Tecnología,,,venadotuerto@redpascal.com.ar,,ubpvenadotuerto_,
UBP (Universidad Blas Pascal),Universitario,Privada,Lisandro de La Torre,895,3462436136,LICENCIATURA EN TURISMO,,,4,Virtual,Ciencias sociales y humanas,Administración y organización,,,venadotuerto@redpascal.com.ar,,ubpvenadotuerto_,
UBP (Universidad Blas Pascal),Universitario,Privada,Lisandro de La Torre,895,3462436136,TECNICATURA EN GESTIÓN BANCARIA,,,3,Virtual,Ciencias sociales y humanas,Administración y organización,,,venadotuerto@redpascal.com.ar,,ubpvenadotuerto_,
UBP (Universidad Blas Pascal),Universitario,Privada,Lisandro de La Torre,895,3462436136,TECNICATURA EN GESTIÓN DE EMPRESAS AGROPECUARIAS,,,2,Virtual,Ciencias sociales y humanas,Administración y organización,,,venadotuerto@redpascal.com.ar,,ubpvenadotuerto_,
UBP (Universidad Blas Pascal),Universitario,Privada,Lisandro de La Torre,895,3462436136,TECNICATURA EN GESTIÓN DE PYME,,,2.5,Virtual,Ciencias sociales y humanas,Administración y organización,,,venadotuerto@redpascal.com.ar,,ubpvenadotuerto_,
UCASAL (Universidad Católica de Salta),Universitario,Privada,"Casey, Avenida (Par)",790,3462415158,CONTADOR PÚBLICO,,,4,Virtual,Ciencias sociales y humanas,Administración y organización,No rentada,2021,venadotuerto@ucasal.edu.ar,www.ucasal.edu.ar,ucasalvenadotuerto,Ucasal Venado Tuerto
UCASAL (Universidad Católica de Salta),Universitario,Privada,"Casey, Avenida (Par)",790,3462415158,LICENCIATURA EN RELACIONES INTERNACIONALES,,,4,Virtual,Ciencias sociales y humanas,Social,,2021,venadotuerto@ucasal.edu.ar,www.ucasal.edu.ar,ucasalvenadotuerto,Ucasal Venado Tuerto
UCASAL (Universidad Católica de Salta),Universitario,Privada,"Casey, Avenida (Par)",790,3462415158,LICENCIATURA EN TURISMO,,,4,Virtual,Ciencias sociales y humanas,Administración y organización,,2021,venadotuerto@ucasal.edu.ar,www.ucasal.edu.ar,ucasalvenadotuerto,Ucasal Venado Tuerto
UBP (Universidad Blas Pascal),Universitario,Privada,Lisandro de La Torre,895,3462436136,TECNICATURA EN GESTIÓN DE SOCIEDADES COOPERATIVAS,,,2.5,Virtual,Ciencias sociales y humanas,Administración y organización,,,venadotuerto@redpascal.com.ar,,ubpvenadotuerto_,
UCASAL (Universidad Católica de Salta),Universitario,Privada,"Casey, Avenida (Par)",790,3462415158,ABOGACÍA,,,5,Virtual,Ciencias sociales y humanas,Jurídicas,No rentada,2021,venadotuerto@ucasal.edu.ar,www.ucasal.edu.ar,ucasalvenadotuerto,Ucasal Venado Tuerto
UBP (Universidad Blas Pascal),Universitario,Privada,Lisandro de La Torre,895,3462436136,"MARTILLERO, CORREDOR PÚBLICO Y CORREDOR INMOBILIARIO",,,2.5,Virtual,Ciencias sociales y humanas,Jurídicas,,,venadotuerto@redpascal.com.ar,,ubpvenadotuerto_,
UCASAL (Universidad Católica de Salta),Universitario,Privada,"Casey, Avenida (Par)",790,3462415158,ESCRIBANÍA,,,4,Virtual,Ciencias sociales y humanas,Jurídicas,No rentada,2021,venadotuerto@ucasal.edu.ar,www.ucasal.edu.ar,ucasalvenadotuerto,Ucasal Venado Tuerto
UCASAL (Universidad Católica de Salta),Universitario,Privada,"Casey, Avenida (Par)",790,3462415158,LICENCIATURA EN ADMINISTRACIÓN AGROPECUARIA,Sí,Tecnicatura en Administración Agropecuaria,4,Virtual,Ciencias sociales y humanas,Administración y organización,No rentada,2021,venadotuerto@ucasal.edu.ar,www.ucasal.edu.ar,ucasalvenadotuerto,Ucasal Venado Tuerto
UCASAL (Universidad Católica de Salta),Universitario,Privada,"Casey, Avenida (Par)",790,3462415158,LICENCIATURA EN COMERCIO INTERNACIONAL,Sí,Analista en Comercio Internacional,4,Virtual,Ciencias sociales y humanas,Administración y organización,No rentada,2021,venadotuerto@ucasal.edu.ar,www.ucasal.edu.ar,ucasalvenadotuerto,Ucasal Venado Tuerto
UNR (Universidad Nacional de Rosario),Universitario,,"Santa Fe, Avda. (Impar)",1859,3462461123,CONTADOR PÚBLICO,Sí,Bachiller Universitario con Mención,5,Presencial,Ciencias sociales y humanas,Administración y organización,,2001,adm@accuvt.com.ar,www.accuvt.com.ar,,
UTN (Universidad Tecnológica Nacional),Universitario,Pública,Laprida (Impar),651,3462425534,INGENIERÍA CIVIL,,,5.5,Presencial,"Ciencias exactas, tecnológicas y diseño","Tecnología: ingeniería, agrarias, informática",,1995,sae@frvt.utn.edu.ar,www.frvt.utn.edu.ar,utnvenadotuerto,
UTN (Universidad Tecnológica Nacional),Universitario,Pública,Laprida (Impar),651,3462425534,INGENIERÍA ELECTROMECÁNICA,Sí,Asistente Electromecánico,5,Presencial,"Ciencias exactas, tecnológicas y diseño","Tecnología: ingeniería, agrarias, informática",,1979,sae@frvt.utn.edu.ar,www.frvt.utn.edu.ar,,
UTN (Universidad Tecnológica Nacional),Universitario,Pública,Laprida (Impar),651,3462425534,SISTEMAS DE INFORMACIÓN,Sí,Programador/a - Analista Desarrolador Universitario de Sistemas de Información,5,Presencial,"Ciencias exactas, tecnológicas y diseño","Tecnología: ingeniería, agrarias, informática",,2023,sae@frvt.utn.edu.ar,www.frvt.utn.edu.ar,,
PUNTO KENEDDY VENADO TUERTO - (Universidad Kennedy),Universitario,Privada,Iturraspe,468,3462537112,LICENCIATURA EN PSICOPEDAGOGÍA,,,4,Virtual,Ciencias biológicas y de la salud,Salud,,,venado.tuerto2_pk@kennedy.edu.ar,www.kennedy.edu.ar,universidadkennedyvenadotuerto,Universidad Kennedy Venado Tuerto
PUNTO KENEDDY VENADO TUERTO - (Universidad Kennedy),Universitario,Privada,Iturraspe,468,3462537112,CONTADOR PÚBLICO,,,4,Virtual,Ciencias sociales y humanas,Administración y organización,,,venado.tuerto2_pk@kennedy.edu.ar,www.kennedy.edu.ar,universidadkennedyvenadotuerto,Universidad Kennedy Venado Tuerto
PUNTO KENEDDY VENADO TUERTO - (Universidad Kennedy),Universitario,Privada,Iturraspe,468,3462537112,LICENCIATURA EN ADMIISTRACIÓN,,,4,Virtual,Ciencias sociales y humanas,Administración y organización,,,venado.tuerto2_pk@kennedy.edu.ar,www.kennedy.edu.ar,universidadkennedyvenadotuerto,Universidad Kennedy Venado Tuerto
PUNTO KENEDDY VENADO TUERTO - (Universidad Kennedy),Universitario,Privada,Iturraspe,468,3462537112,LICENCIATURA EN ADMINISTRACIÓN HOTELERA,,,4,Virtual,Ciencias sociales y humanas,Administración y organización,,,venado.tuerto2_pk@kennedy.edu.ar,www.kennedy.edu.ar,universidadkennedyvenadotuerto,Universidad Kennedy Venado Tuerto
PUNTO KENEDDY VENADO TUERTO - (Universidad Kennedy),Universitario,Privada,Iturraspe,468,3462537112,LICENCIATURA EN COMERCIALIZACIÓN,,,4,Virtual,Ciencias sociales y humanas,Administración y organización,,,venado.tuerto2_pk@kennedy.edu.ar,www.kennedy.edu.ar,universidadkennedyvenadotuerto,Universidad Kennedy Venado Tuerto
PUNTO KENEDDY VENADO TUERTO - (Universidad Kennedy),Universitario,Privada,Iturraspe,468,3462537112,LICENCIATURA EN COMERCIO INTERNACIONAL,,,4,Virtual,Ciencias sociales y humanas,Administración y organización,,,venado.tuerto2_pk@kennedy.edu.ar,www.kennedy.edu.ar,universidadkennedyvenadotuerto,Universidad Kennedy Venado Tuerto
PUNTO KENEDDY VENADO TUERTO - (Universidad Kennedy),Universitario,Privada,Iturraspe,468,3462537112,LICENCIATURA EN RELACIONES LABORALES,,,4,Virtual,Ciencias sociales y humanas,Social,,,venado.tuerto2_pk@kennedy.edu.ar,www.kennedy.edu.ar,universidadkennedyvenadotuerto,Universidad Kennedy Venado Tuerto
PUNTO KENEDDY VENADO TUERTO - (Universidad Kennedy),Universitario,Privada,Iturraspe,468,3462537112,LICENCIATURA EN TURISMO,,,4,Virtual,Ciencias sociales y humanas,Administración y organización,,,venado.tuerto2_pk@kennedy.edu.ar,www.kennedy.edu.ar,universidadkennedyvenadotuerto,Universidad Kennedy Venado Tuerto
PUNTO KENEDDY VENADO TUERTO - (Universidad Kennedy),Universitario,Privada,Iturraspe,468,3462537112,ABOGACIA,,,4,Virtual,Ciencias sociales y humanas,Jurídicas,,,venado.tuerto2_pk@kennedy.edu.ar,www.kennedy.edu.ar,universidadkennedyvenadotuerto,Universidad Kennedy Venado Tuerto
PUNTO KENEDDY VENADO TUERTO - (Universidad Kennedy),Universitario,Privada,Iturraspe,468,3462537112,LICENCIATURA EN CIENCIAS SOCIALES,,,4,Virtual,Ciencias sociales y humanas,Social,,,venado.tuerto2_pk@kennedy.edu.ar,www.kennedy.edu.ar,universidadkennedyvenadotuerto,Universidad Kennedy Venado Tuerto
PUNTO KENEDDY VENADO TUERTO - (Universidad Kennedy),Universitario,Privada,Iturraspe,468,3462537112,LICENCIATURA EN DISEÑO GRÁFICO,,,4,Virtual,"Ciencias exactas, tecnológicas y diseño",Proyectual: arquitectura y diseño,,,venado.tuerto2_pk@kennedy.edu.ar,www.kennedy.edu.ar,universidadkennedyvenadotuerto,Universidad Kennedy Venado Tuerto
PUNTO KENEDDY VENADO TUERTO - (Universidad Kennedy),Universitario,Privada,Iturraspe,468,3462537112,LICENCIATURA EN PERIODISMO Y COMUNICACIONES,,,4,Virtual,Ciencias sociales y humanas,Comunicación,,,venado.tuerto2_pk@kennedy.edu.ar,www.kennedy.edu.ar,universidadkennedyvenadotuerto,venado.tuerto2_pk@kennedy.edu.ar
PUNTO KENEDDY VENADO TUERTO - (Universidad Kennedy),Universitario,Privada,Iturraspe,468,3462537112,LICENCIATURA EN PUBLICIDAD,,,4,Virtual,Ciencias sociales y humanas,Comunicación,,,venado.tuerto2_pk@kennedy.edu.ar,www.kennedy.edu.ar,universidadkennedyvenadotuerto,Universidad Kennedy Venado Tuerto
PUNTO KENEDDY VENADO TUERTO - (Universidad Kennedy),Universitario,Privada,Iturraspe,468,3462537112,LICENCIATURA EN RELACIONES PÚBLICAS,,,4,Virtual,Ciencias sociales y humanas,Social,,,venado.tuerto2_pk@kennedy.edu.ar,www.kennedy.edu.ar,universidadkennedyvenadotuerto,Universidad Kennedy Venado Tuerto
PUNTO KENEDDY VENADO TUERTO - (Universidad Kennedy),Universitario,Privada,Iturraspe,468,3462537112,LICENCIATURA EN TRABAJO SOCIAL,,,4,Virtual,Ciencias sociales y humanas,Social,,,venado.tuerto2_pk@kennedy.edu.ar,www.kennedy.edu.ar,universidadkennedyvenadotuerto,Universidad Kennedy Venado Tuerto
PUNTO KENEDDY VENADO TUERTO - (Universidad Kennedy),Terciario,Privada,Iturraspe,468,3462537112,TECNICATURA UNIVERSITARIA EN COMERCIALIZACIÓN,,,3,Virtual,Ciencias sociales y humanas,Administración y organización,,,venado.tuerto2_pk@kennedy.edu.ar,www.kennedy.edu.ar,universidadkennedyvenadotuerto,Universidad Kennedy Venado Tuerto
PUNTO KENEDDY VENADO TUERTO - (Universidad Kennedy),Terciario,Privada,Iturraspe,468,3462537112,TECNICATURA UNIVERSITARIA EN GESTION DE OPERACIONES LOGÍSTICAS,,,2.5,Virtual,Ciencias sociales y humanas,Administración y organización,,,venado.tuerto2_pk@kennedy.edu.ar,www.kennedy.edu.ar,universidadkennedyvenadotuerto,Universidad Kennedy Venado Tuerto
PUNTO KENEDDY VENADO TUERTO - (Universidad Kennedy),Terciario,Privada,Iturraspe,468,3462537112,TECNICATURA UNIVERSITARIA EN MARTILLERO PÚBLICO Y CORREDOR,,,2.5,Virtual,Ciencias sociales y humanas,Jurídicas,,,venado.tuerto2_pk@kennedy.edu.ar,www.kennedy.edu.ar,universidadkennedyvenadotuerto,Universidad Kennedy Venado Tuerto
PUNTO KENEDDY VENADO TUERTO - (Universidad Kennedy),Terciario,Privada,Iturraspe,468,3462537112,TECNICATURA UNIVERSITARIA EN SEGURIDAD E HIGIENE EN EL TRABAJO,,,2.5,Virtual,"Ciencias exactas, tecnológicas y diseño","Tecnología: ingeniería, agrarias, informática",,,venado.tuerto2_pk@kennedy.edu.ar,www.kennedy.edu.ar,universidadkennedyvenadotuerto,Universidad Kennedy Venado Tuerto
PUNTO KENEDDY VENADO TUERTO - (Universidad Kennedy),Terciario,Privada,Iturraspe,468,3462537112,TECNICATURA UNIVERSITARIA EN SEGURIDAD EMPRESARIAL,,,2.5,Virtual,Ciencias sociales y humanas,Defensa y seguridad,,,venado.tuerto2_pk@kennedy.edu.ar,www.kennedy.edu.ar,universidadkennedyvenadotuerto,Universidad Kennedy Venado Tuerto
PUNTO KENEDDY VENADO TUERTO - (Universidad Kennedy),Terciario,Privada,Iturraspe,468,3462537112,TECNICATURA UNIVERSITARIA EN SEGUROS,,,2.5,Virtual,Ciencias sociales y humanas,Administración y organización,,,venado.tuerto2_pk@kennedy.edu.ar,www.kennedy.edu.ar,universidadkennedyvenadotuerto,Universidad Kennedy Venado Tuerto
PUNTO KENEDDY VENADO TUERTO - (Universidad Kennedy),Terciario,Privada,Iturraspe,468,3462537112,TECNICATURA UNIVERSITARIA EN TURISMO,,,3,Virtual,Ciencias sociales y humanas,Administración y organización,,,venado.tuerto2_pk@kennedy.edu.ar,www.kennedy.edu.ar,universidadkennedyvenadotuerto,Universidad Kennedy Venado Tuerto
PUNTO KENEDDY VENADO TUERTO - (Universidad Kennedy),Terciario,Privada,Iturraspe,468,3462537112,TECNICATURA UNIVERSITARIA EN ORGANIZACIÓN DE EVENTOS,,,2.5,Virtual,Ciencias sociales y humanas,Social,,,venado.tuerto2_pk@kennedy.edu.ar,www.kennedy.edu.ar,universidadkennedyvenadotuerto,Universidad Kennedy Venado Tuerto
PUNTO KENEDDY VENADO TUERTO - (Universidad Kennedy),Terciario,Privada,Iturraspe,468,3462537112,TECNICO UNIVERSITARIO EN TECNOLOGÍA DE LA INFORMACÍON I ORIENTACIÓN EN DESARROLLO DE VIDEOJUEGOS,,,3,Virtual,"Ciencias exactas, tecnológicas y diseño","Tecnología: ingeniería, agrarias, informática",,,venado.tuerto2_pk@kennedy.edu.ar,www.kennedy.edu.ar,universidadkennedyvenadotuerto,Universidad Kennedy Venado Tuerto
PUNTO KENEDDY VENADO TUERTO - (Universidad Kennedy),Terciario,Privada,Iturraspe,468,3462537112,TECNICATURA UNIVERSITARIA EN TECNOLOGÍA DE LA INFORMACÍON I ORIENTACIÓN EN DESARROLLO WEB,,,3,Virtual,"Ciencias exactas, tecnológicas y diseño","Tecnología: ingeniería, agrarias, informática",,,venado.tuerto2_pk@kennedy.edu.ar,www.kennedy.edu.ar,universidadkennedyvenadotuerto,Universidad Kennedy Venado Tuerto
PUNTO KENEDDY VENADO TUERTO - (Universidad Kennedy),Terciario,Privada,Iturraspe,468,3462537112,TECNICATURA UNIVERITARIA EN TECNOLOGÍA DE LA INFORMACIÓN I ORIENTACIÓN EN IMPLEMENTACIÓN DE SOLUCIONES EMPRESARIALES,,,3,Virtual,"Ciencias exactas, tecnológicas y diseño","Tecnología: ingeniería, agrarias, informática",,,venado.tuerto2_pk@kennedy.edu.ar,www.kennedy.edu.ar,universidadkennedyvenadotuerto,Universidad Kennedy Venado Tuerto
PUNTO KENEDDY VENADO TUERTO - (Universidad Kennedy),Terciario,Privada,Iturraspe,468,3462537112,ANALISTA UNIVERSITARIO EN RELACIONES PÚBLICAS,,,2.5,Virtual,,,,,venado.tuerto2_pk@kennedy.edu.ar,www.kennedy.edu.ar,universidadkennedyvenadotuerto,Universidad Kennedy Venado Tuerto
PUNTO KENEDDY VENADO TUERTO - (Universidad Kennedy),Terciario,Privada,Iturraspe,468,3462537112,ANALISTA UNIVERSITARIO EN RELACIONES LABORALES,,,3,Virtual,Ciencias sociales y humanas,Social,,,venado.tuerto2_pk@kennedy.edu.ar,www.kennedy.edu.ar,universidadkennedyvenadotuerto,Universidad Kennedy Venado Tuerto
PUNTO KENEDDY VENADO TUERTO - (Universidad Kennedy),Terciario,Privada,Iturraspe,468,3462537112,PERIODISMO,,,3,Virtual,Ciencias sociales y humanas,Comunicación,,,venado.tuerto2_pk@kennedy.edu.ar,www.kennedy.edu.ar,universidadkennedyvenadotuerto,Universidad Kennedy Venado Tuerto
UCASAL (Universidad Católica de Salta),Universitario,Privada,"Casey, Avenida (Par)",790,3462415158,LICENCIATURA EN COMERCIALIZACIÓN,Sí,Analista en Comercialización,4,Virtual,Ciencias sociales y humanas,Administración y organización,No rentada,2021,venadotuerto@ucasal.edu.ar,www.ucasal.edu.ar,ucasalvenadotuerto,Ucasal Venado Tuerto
UCASAL (Universidad Católica de Salta),Universitario,Privada,"Casey, Avenida (Par)",790,3462415158,LICENCIATURA EN ADMINISTRACIÓN DE EMPRESAS,,,4,Virtual,Ciencias sociales y humanas,Administración y organización,No rentada,,,www.ucasal.edu.ar,,Ucasal Venado Tuerto
UCASAL (Universidad Católica de Salta),Universitario,Privada,"Casey, Avenida (Par)",790,3462415158,LICENCIATURA EN ECONOMÍA,,,4,Virtual,Ciencias sociales y humanas,Administración y organización,No rentada,2021,venadotuerto@ucasal.edu.ar,www.ucasal.edu.ar,,Ucasal Venado Tuerto
UCASAL (Universidad Católica de Salta),Universitario,Privada,"Casey, Avenida (Par)",790,3462415158,LICENCIATURA EN CIENCIAS DE DATOS,,,4,Virtual,"Ciencias exactas, tecnológicas y diseño","Tecnología: ingeniería, agrarias, informática",No rentada,2021,venadotuerto@ucasal.edu.ar,www.ucasal.edu.ar,ucasalvenadotuerto,Ucasal Venado Tuerto
UCASAL (Universidad Católica de Salta),Universitario,Privada,"Casey, Avenida (Par)",790,3462415158,LICENCIATURA EN ADMINISTRACIÓN DE NEGOCIOS DIGITALES,,,4,Virtual,Ciencias sociales y humanas,Administración y organización,No rentada,2021,venadotuerto@ucasal.edu.ar,www.ucasal.edu.ar,ucasalvenadotuerto,Ucasal Venado Tuerto
UCASAL (Universidad Católica de Salta),Universitario,Privada,"Casey, Avenida (Par)",790,3462415158,LICENCIATURA EN RELACIONES PÚBLICAS E INSTITUCIONALES,Sí,Analista en Relaciones Públicas e Institucionales,4,Virtual,Ciencias sociales y humanas,Social,No rentada,2021,venadotuerto@ucasal.edu.ar,www.ucasal.edu.ar,ucasalvenadotuerto,Ucasal Venado Tuerto
UCASAL (Universidad Católica de Salta),Universitario,Privada,"Casey, Avenida (Par)",790,3462415158,LICENCIATURA EN RECURSOS HUMANOS,,,4,Virtual,Ciencias sociales y humanas,Social,No rentada,2021,venadotuerto@ucasal.edu.ar,www.ucasal.edu.ar,ucasalvenadotuerto,Ucasal Venado Tuerto
UCASAL (Universidad Católica de Salta),Universitario,Privada,"Casey, Avenida (Par)",790,3462415158,LICENCIATURA EN GESTIÓN EFICIENTE DE LA ENERGÍA,,,4,Virtual,"Ciencias exactas, tecnológicas y diseño","Tecnología: ingeniería, agrarias, informática",No rentada,2021,venadotuerto@ucasal.edu.ar,www.ucasal.edu.ar,ucasalvenadotuerto,Ucasal Venado Tuerto
UCASAL (Universidad Católica de Salta),Universitario,Privada,"Casey, Avenida (Par)",790,3462415158,LICENCIATURA EN HIGIENE Y SEGURIDAD EN EL TRABAJO,Sí,Tecnicatura en Higiene y Seguridad en el Trabajo,4,Virtual,"Ciencias exactas, tecnológicas y diseño","Tecnología: ingeniería, agrarias, informática",No rentada,2021,venadotuerto@ucasal.edu.ar,www.ucasal.edu.ar,ucasalvenadotuerto,Ucasal Venado Tuerto
UCASAL (Universidad Católica de Salta),Terciario,Privada,"Casey, Avenida (Par)",790,3462415158,CORREDOR INMOBILIARIO Y MARTILLERO PÚBLICO,No,,2,Virtual,Ciencias sociales y humanas,Jurídicas,No rentada,2021,venadotuerto@ucasal.edu.ar,www.ucasal.edu.ar,ucasalvenadotuerto,Ucasal Venado Tuerto
UCASAL (Universidad Católica de Salta),Terciario,Privada,"Casey, Avenida (Par)",790,3462415158,PROCURACIÓN,No,,3,Virtual,Ciencias sociales y humanas,Jurídicas,No rentada,2021,venadotuerto@ucasal.edu.ar,www.ucasal.edu.ar,ucasalvenadotuerto,Ucasal Venado Tuerto
UCASAL (Universidad Católica de Salta),Terciario,Privada,"Casey, Avenida (Par)",790,3462415158,TECNICATURA UNIVERSITARIA EN ORGANIZACIÓN Y DIRECCIÓN DE EVENTOS Y CEREMONIAL,,,2.5,Virtual,Ciencias sociales y humanas,Social,No rentada,2021,venadotuerto@ucasal.edu.ar,www.ucasal.edu.ar,ucasalvenadotuerto,Ucasal Venado Tuerto
UCASAL (Universidad Católica de Salta),Terciario,Privada,"Casey, Avenida (Par)",790,3462415158,TECNICATURA UNIVERSITARIA EN GESTIÓN DE CALIDAD,,,2.5,Virtual,Ciencias sociales y humanas,Social,No rentada,2021,venadotuerto@ucasal.edu.ar,www.ucasal.edu.ar,ucasalvenadotuerto,Ucasal Venado Tuerto
UCASAL (Universidad Católica de Salta),Terciario,Privada,"Casey, Avenida (Par)",790,3462415158,"TECNICATURA EN GESTIÓN DE BANCOS, EMPRESAS FINANCIERAS Y DE SEGUROS",,,3,Virtual,Ciencias sociales y humanas,Social,No rentada,2021,venadotuerto@ucasal.edu.ar,www.ucasal.edu.ar,ucasalvenadotuerto,Ucasal Venado Tuerto
UCASAL (Universidad Católica de Salta),Terciario,Privada,"Casey, Avenida (Par)",790,3462415158,TECNICATURA UNIVERSITARIA EN SECRETARIADO EJECUTIVO,,,2.5,Virtual,Ciencias sociales y humanas,Social,No rentada,2021,venadotuerto@ucasal.edu.ar,www.ucasal.edu.ar,ucasalvenadotuerto,Ucasal Venado Tuerto
UCASAL (Universidad Católica de Salta),Terciario,Privada,"Casey, Avenida (Par)",790,3462415158,TECNICATURA UNIVERSITARIA EN SEGURIDAD INFORMÁTICA,,,2.5,Virtual,Ciencias sociales y humanas,Comunicación,No rentada,2021,venadotuerto@ucasal.edu.ar,www.ucasal.edu.ar,ucasalvenadotuerto,Ucasal Venado Tuerto
UCASAL (Universidad Católica de Salta),Terciario,Privada,"Casey, Avenida (Par)",790,3462415158,TECNICATURA UNIVERSITARIA EN OPERACIONES MINERAS E INDUSTRIALES,,,2.5,Virtual,"Ciencias exactas, tecnológicas y diseño","Tecnología: ingeniería, agrarias, informática",No rentada,2021,venadotuerto@ucasal.edu.ar,www.ucasal.edu.ar,ucasalvenadotuerto,Ucasal Venado Tuerto
UCASAL (Universidad Católica de Salta),Universitario,Privada,"Casey, Avenida (Par)",790,3462415158,LICENCIATURA EN ADMINISTRACIÓN DE EMPRESAS,,,4,Virtual,Ciencias sociales y humanas,Administración y organización,No rentada,,venadotuerto@ucasal.edu.ar,www.ucasal.edu.ar,ucasalvenadotuerto,Ucasal Venado Tuerto
UTN (Universidad Tecnológica Nacional),Terciario,Pública,Laprida (Impar),651,3462425534,TECNICATURA UNIVERSITARIA EN MANTENIMIENTO INDUSTRIAL,,,2,Presencial,"Ciencias exactas, tecnológicas y diseño","Tecnología: ingeniería, agrarias, informática",,2001,sae@frvt.utn.edu.ar,www.frvt.utn.edu.ar,utnvenadotuerto,
UTN (Universidad Tecnológica Nacional),Terciario,Pública,Laprida (Impar),651,3462425534,TECNICATURA UNIVERSITARIA EN PROGRAMACIÓN,,,2,Mixta,"Ciencias exactas, tecnológicas y diseño","Tecnología: ingeniería, agrarias, informática",,1996,sae@frvt.utn.edu.ar,www.frvt.utn.edu.ar,utnvenadotuerto,
UTN (Universidad Tecnológica Nacional),Terciario,Pública,Laprida (Impar),651,3462425534,TECNICATURA UNIVERSITARIA EN SEGURIDAD VIAL,,,3,Presencial,Ciencias sociales y humanas,Defensa y seguridad,,2012,sae@frvt.utn.edu.ar,www.frvt.utn.edu.ar,utnvenadotuerto,
UTN (Universidad Tecnológica Nacional),Terciario,Pública,Laprida (Impar),651,3462425534,TECNICATURA UNIVERSITARIA EN RADIOLOGÍA,,,3,Presencial,Ciencias biológicas y de la salud,Salud,,2021,sae@frvt.utn.edu.ar,www.frvt.utn.edu.ar,utnvenadotuerto,
UCASAL (Universidad Católica de Salta),Universitario,Privada,"Casey, Avenida (Par)",790,3462415158,LICENCIATURA EN RELACIONES INTERNACIONALES,,,4,Virtual,Ciencias sociales y humanas,Social,,,venadotuerto@ucasal.edu.ar,www.ucasal.edu.ar,ucasalvenadotuerto,Ucasal Venado Tuerto
UCASAL (Universidad Católica de Salta),Universitario,Privada,"Casey, Avenida (Par)",790,3462415158,LICENCIATURA EN TURISMO,,,4,Virtual,Ciencias sociales y humanas,Social,No rentada,2021,venadotuerto@ucasal.edu.ar,www.ucasal.edu.ar,ucasalvenadotuerto,Ucasal Venado Tuerto
TECLAB (Instituto Técnico Superior),Terciario,Privada,Maipú,1102,3472641688,TECNICATURA SUPERIOR EN PROGRAMACIÓN,Sí,Certificado intermedio de Auxiliar en Programación,2,Virtual,"Ciencias exactas, tecnológicas y diseño","Tecnología: ingeniería, agrarias, informática",,,karin.brochero@cau.ues21.edu.ar,teclab.edu.ar,teclabinstituto,
TECLAB (Instituto Técnico Superior),Terciario,Privada,Maipú,1102,3472641688,TECNICATURA SUPERIOR EN DATA SCIENCE,Sí,Certificado intermedio de Auxiliar en Data Science,2,Virtual,"Ciencias exactas, tecnológicas y diseño","Tecnología: ingeniería, agrarias, informática",,,karin.brochero@cau.ues21.edu.ar,teclab.edu.ar,teclabinstituto,
TECLAB (Instituto Técnico Superior),Terciario,Privada,Maipú,1102,3462641688,TECNICATURA SUPERIOR EN CLOUD ADMINISTRATION,Sí,Certificado intermedio de Auxiliar en Administración en a Nube,2,Virtual,"Ciencias exactas, tecnológicas y diseño","Tecnología: ingeniería, agrarias, informática",,,karin.brochero@cau.ues21.edu.ar,teclab.edu.ar,teclabinstituto,
TECLAB (Instituto Técnico Superior),Terciario,Privada,Maipú,1102,3472641688,TECNICATURA SUPERIOR EN MARKETING DIGITAL,Sí,Certificado intermedio de Marketing Digital,,Virtual,"Ciencias exactas, tecnológicas y diseño","Tecnología: ingeniería, agrarias, informática",,,karin.brochero@cau.ues21.edu.ar,teclab.edu.ar,teclabinstituto,
TECLAB (Instituto Técnico Superior),Terciario,Privada,Maipú,1102,3472641688,TECNICATURA SUPERIOR EN INBOUND MARKETING,Sí,Certificado intermedio de Auxiliar en Inbound Marketing,2,Virtual,"Ciencias exactas, tecnológicas y diseño","Tecnología: ingeniería, agrarias, informática",,,karin.brochero@cau.ues21.edu.ar,teclab.edu.ar,teclabinstituto,
TECLAB (Instituto Técnico Superior),Terciario,Privada,Maipú,1102,3472641688,TECNICATURA SUPERIOR EN GESTIÓN CONTABLE,Sí,Certificado intermedio de Auxiliar en Gestión Contable,2,Virtual,Ciencias sociales y humanas,Administración y organización,,,karin.brochero@cau.ues21.edu.ar,teclab.edu.ar,teclabinstituto,
TECLAB (Instituto Técnico Superior),Terciario,Privada,Maipú,1102,3472641688,TECNICATURA SUPERIOR EN GESTIÓN DE LA EMPRESA AGRARIA,Sí,Certificado intermedio de Auxiliar en Gestión de la Empresa Agraria,2,Virtual,Ciencias sociales y humanas,Administración y organización,,,karin.brochero@cau.ues21.edu.ar,teclab.edu.ar,teclabinstituto,
TECLAB (Instituto Técnico Superior),Terciario,Pública,Maipú,1102,3472641688,TECNICATURA SUPERIOR EN SEGUROS,Sí,Certificado intermedio de Auxiliar en Seguros,2,Virtual,Ciencias sociales y humanas,Administración y organización,,,karin.brochero@cau.ues21.edu.ar,teclab.edu.ar,teclabinstituto,
TECLAB (Instituto Técnico Superior),Terciario,Privada,Maipú,1102,3472641688,TECNICATURA SUPERIOR EN RELACIONES LABORALES,Sí,Certificado intermedio de Auxiliar e Relaciones Laborales,2,Virtual,Ciencias sociales y humanas,Administración y organización,,,karin.brochero@cau.ues21.edu.ar,teclab.edu.ar,teclabinstituto,
TECLAB (Instituto Técnico Superior),Terciario,Privada,Maipú,1102,3472641688,TECNICATURA SUPERIOR EN GESTIÓN HOTELERA,Sí,Certificado intermedio de Auxiliar en Gestión Hotelera,2,Virtual,Ciencias sociales y humanas,Administración y organización,,,karin.brochero@cau.ues21.edu.ar,teclab.edu.ar,teclabinstituto,
TECLAB (Instituto Técnico Superior),Terciario,Privada,Maipú,1102,3472641688,TECNICATURA SUPERIOR EN PLANIFICACIÓN Y ORGANIZACIÓN DE EVENTOS,Sí,Certificado intermedio de Auxiliar en Planificación y Organización de Eventos,2,Virtual,Ciencias sociales y humanas,Social,,,karin.brochero@cau.ues21.edu.ar,teclab.edu.ar,teclabinstituto,
TECLAB (Instituto Técnico Superior),Terciario,Privada,Maipú,1102,3472641688,TECNICATURA SUPERIOR EN REDES INFORMÁTICAS,Sí,Certificado intermedio de Auxiliar en Redes Informáticas,2,Virtual,"Ciencias exactas, tecnológicas y diseño","Tecnología: ingeniería, agrarias, informática",,,karin.brochero@cau.ues21.edu.ar,teclab.edu.ar,teclabinstituto,
TECLAB (Instituto Técnico Superior),Terciario,Privada,Maipú,1102,3472641688,TECNICATURA SUPERIOR EN SEGURIDAD INFORMÁTICA,Sí,Certificado intermedio de Auxiliar en Seguridad Informática,2,Virtual,Ciencias sociales y humanas,Defensa y seguridad,,,karin.brochero@cau.ues21.edu.ar,teclab.edu.ar,teclabinstituto,
TECLAB (Instituto Técnico Superior),Terciario,Privada,Maipú,1102,3472641688,TECNICATURA SUPERIOR EN QUALITY ASSURANCE,Sí,Certificado intermedio de Auxiliar en Quality Assurance,2,Virtual,"Ciencias exactas, tecnológicas y diseño","Tecnología: ingeniería, agrarias, informática",,,karin.brochero@cau.ues21.edu.ar,teclab.edu.ar,teclabinstituto,
TECLAB (Instituto Técnico Superior),Terciario,Privada,Maipú,1102,3472641688,TECNICATURA SUPERIOR EN CUSTOMER EXPERIENCE,Sí,Certificado intermedio de Auxiliar en Customer Experience,2,Virtual,Ciencias sociales y humanas,Administración y organización,,,karin.brochero@cau.ues21.edu.ar,teclab.edu.ar,teclabinstituto,
TECLAB (Instituto Técnico Superior),Terciario,Privada,Maipú,1102,3472641688,TECNICATURA SUPERIOR EN PERIODISMO Y NUEVAS TECNOLOGÍAS,Sí,Certificado intermedio de Auxiliar en Periodismo y Nuevas Tecnologías,2,Virtual,Ciencias sociales y humanas,Comunicación,,,karin.brochero@cau.ues21.edu.ar,teclab.edu.ar,teclabinstituto,
SIGLO 21 (Universidad Siglo 21),Universitario,Privada,Maipú,1102,3462531039,LICENCIATURA EN GESTIÓN DE LA INFORMACIÓN,No,,4,Virtual,Ciencias sociales y humanas,Administración y organización,No,,,,,