genero,capacitación,año
M,MANEJO DE AUTOELEVADORES,2021
M,MANEJO DE AUTOELEVADORES,2021
M,MANEJO DE AUTOELEVADORES,2021
M,MANEJO DE AUTOELEVADORES,2021
M,MANEJO DE AUTOELEVADORES,2021
M,MANEJO DE AUTOELEVADORES,2021
M,MANEJO DE AUTOELEVADORES,2021
M,MANEJO DE AUTOELEVADORES,2021
M,MANEJO DE AUTOELEVADORES,2021
M,MANEJO DE AUTOELEVADORES,2021
M,MANEJO DE AUTOELEVADORES,2021
M,MANEJO DE AUTOELEVADORES,2021
M,MANEJO DE AUTOELEVADORES,2021
M,MANEJO DE AUTOELEVADORES,2021
M,Manejo de Redes Sociales,2021
F,Manejo de Redes Sociales,2021
F,Manejo de Redes Sociales,2021
F,Manejo de Redes Sociales,2021
F,Manejo de Redes Sociales,2021
F,Manejo de Redes Sociales,2021
F,Manejo de Redes Sociales,2021
F,Manejo de Redes Sociales,2021
F,Manejo de Redes Sociales,2021
F,Manejo de Redes Sociales,2021
F,Manejo de Redes Sociales,2021
F,Manejo de Redes Sociales,2021
F,Manejo de Redes Sociales,2021
M,Manejo de Redes Sociales,2021
M,Manejo de Redes Sociales,2021
F,Manejo de Redes Sociales,2021
F,Manejo de Redes Sociales,2021
F,Manejo de Redes Sociales,2021
F,Manejo de Redes Sociales,2021
F,Manejo de Redes Sociales,2021
F,Manejo de Redes Sociales,2021
F,Manejo de Redes Sociales,2021
M,Manejo de Redes Sociales,2021
M,Manejo de Redes Sociales,2021
F,Manejo de Redes Sociales,2021
F,Manejo de Redes Sociales,2021
F,Marketing Digital,2021
F,Marketing Digital,2021
F,Marketing Digital,2021
F,Marketing Digital,2021
F,Marketing Digital,2021
F,Marketing Digital,2021
F,Marketing Digital,2021
M,Marketing Digital,2021
M,Marketing Digital,2021
F,Marketing Digital,2021
F,Marketing Digital,2021
M,Marketing Digital,2021
M,Marketing Digital,2021
F,Marketing Digital,2021
F,Marketing Digital,2021
F,Marketing Digital,2021
F,Marketing Digital,2021
M,Marketing Digital,2021
F,Marketing Digital,2021
F,Marketing Digital,2021
F,Marketing Digital,2021
F,Marketing Digital,2021
F,Marketing Digital,2021
M,Marketing Digital,2021
F,Marketing Digital,2021
M,Marketing Digital,2021
M,Marketing Digital,2021
F,Marketing Digital,2021
F,LIQUIDACION  DE SUELDOS,2021
F,LIQUIDACION  DE SUELDOS,2021
F,LIQUIDACION  DE SUELDOS,2021
F,LIQUIDACION  DE SUELDOS,2021
F,LIQUIDACION  DE SUELDOS,2021
F,LIQUIDACION  DE SUELDOS,2021
F,LIQUIDACION  DE SUELDOS,2021
F,LIQUIDACION  DE SUELDOS,2021
F,LIQUIDACION  DE SUELDOS,2021
M,LIQUIDACION  DE SUELDOS,2021
F,LIQUIDACION  DE SUELDOS,2021
F,LIQUIDACION  DE SUELDOS,2021
F,LIQUIDACION  DE SUELDOS,2021
F,LIQUIDACION  DE SUELDOS,2021
F,LIQUIDACION  DE SUELDOS,2021
F,LIQUIDACION  DE SUELDOS,2021
F,LIQUIDACION  DE SUELDOS,2021
F,LIQUIDACION  DE SUELDOS,2021
F,LIQUIDACION  DE SUELDOS,2021
F,LIQUIDACION  DE SUELDOS,2021
F,LIQUIDACION  DE SUELDOS,2021
F,LIQUIDACION  DE SUELDOS,2021
F,LIQUIDACION  DE SUELDOS,2021
F,LIQUIDACION  DE SUELDOS,2021
F,ECOMMERCE,2021
F,ECOMMERCE,2021
F,ECOMMERCE,2021
M,ECOMMERCE,2021
F,ECOMMERCE,2021
F,ECOMMERCE,2021
F,ECOMMERCE,2021
F,ECOMMERCE,2021
F,ECOMMERCE,2021
F,ECOMMERCE,2021
F,ECOMMERCE,2021
F,ECOMMERCE,2021
F,ECOMMERCE,2021
M,ECOMMERCE,2021
M,ECOMMERCE,2021
F,ECOMMERCE,2021
F,ECOMMERCE,2021
M,ECOMMERCE,2021
M,ECOMMERCE,2021
M,ECOMMERCE,2021
F,ECOMMERCE,2021
F,ECOMMERCE,2021
M,ECOMMERCE,2021
M,ECOMMERCE,2021
M,ECOMMERCE,2021
M,ECOMMERCE,2021
F,ECOMMERCE,2021
M,MECANICA BASICA,2021
M,MECANICA BASICA,2021
M,MECANICA BASICA,2021
F,MECANICA BASICA,2021
M,MECANICA BASICA,2021
M,MECANICA BASICA,2021
M,MECANICA BASICA,2021
M,MECANICA BASICA,2021
F,MECANICA BASICA,2021
M,MECANICA BASICA,2021
M,MECANICA BASICA,2021
M,MECANICA BASICA,2021
F,MECANICA BASICA,2021
M,MECANICA BASICA,2021
M,MECANICA BASICA,2021
M,MECANICA BASICA,2021
M,MECANICA BASICA,2021
M,MECANICA BASICA,2021
M,MECANICA BASICA,2021
M,MECANICA BASICA,2021
F,MECANICA BASICA,2021
F,MECANICA BASICA,2021
M,MECANICA BASICA,2021
F,MECANICA BASICA,2021
M,MECANICA BASICA,2021
M,MECANICA BASICA,2021
M,MECANICA BASICA,2021
M,MECANICA BASICA,2021
M,MECANICA BASICA,2021
M,MECANICA BASICA,2021
M,MECANICA BASICA,2021
M,MECANICA BASICA,2021
M,MECANICA BASICA,2021
M,MECANICA BASICA,2021
M,MECANICA BASICA,2021
M,MECANICA BASICA,2021
M,MECANICA BASICA,2021
F,MECANICA BASICA,2021
M,MECANICA BASICA,2021
F,MECANICA BASICA,2021
M,MECANICA BASICA,2021
M,MECANICA BASICA,2021
M,MECANICA BASICA,2021
M,MECANICA BASICA,2021
M,MECANICA BASICA,2021
M,MECANICA BASICA,2021
M,MECANICA BASICA,2021
M,MECANICA BASICA,2021
M,MECANICA BASICA,2021
F,MECANICA BASICA,2021
M,MECANICA BASICA,2021
F,MECANICA BASICA,2021
M,MECANICA BASICA,2021
M,MECANICA BASICA,2021
M,MECANICA BASICA,2021
M,MECANICA BASICA,2021
F,REPARACION Y MANTENIMIENTO DE PC,2021
M,REPARACION Y MANTENIMIENTO DE PC,2021
M,REPARACION Y MANTENIMIENTO DE PC,2021
F,REPARACION Y MANTENIMIENTO DE PC,2021
M,REPARACION Y MANTENIMIENTO DE PC,2021
F,REPARACION Y MANTENIMIENTO DE PC,2021
F,REPARACION Y MANTENIMIENTO DE PC,2021
M,REPARACION Y MANTENIMIENTO DE PC,2021
M,REPARACION Y MANTENIMIENTO DE PC,2021
M,REPARACION Y MANTENIMIENTO DE PC,2021
F,REPARACION Y MANTENIMIENTO DE PC,2021
M,REPARACION Y MANTENIMIENTO DE PC,2021
M,REPARACION Y MANTENIMIENTO DE PC,2021
F,REPARACION Y MANTENIMIENTO DE PC,2021
F,REPARACION Y MANTENIMIENTO DE PC,2021
M,REPARACION Y MANTENIMIENTO DE PC,2021
M,REPARACION Y MANTENIMIENTO DE PC,2021
F,REPARACION Y MANTENIMIENTO DE PC,2021
M,REPARACION Y MANTENIMIENTO DE PC,2021
F,REPARACION Y MANTENIMIENTO DE PC,2021
F,REPARACION Y MANTENIMIENTO DE PC,2021
F,REPARACION Y MANTENIMIENTO DE PC,2021
F,REPARACION Y MANTENIMIENTO DE PC,2021
F,REPARACION Y MANTENIMIENTO DE PC,2021
F,REPARACION Y MANTENIMIENTO DE PC,2021
M,REPARACION Y MANTENIMIENTO DE PC,2021
F,REPARACION Y MANTENIMIENTO DE PC,2021
F,REPARACION Y MANTENIMIENTO DE PC,2021
F,REPARACION Y MANTENIMIENTO DE PC,2021
F,REPARACION Y MANTENIMIENTO DE PC,2021
F,REPARACION Y MANTENIMIENTO DE PC,2021
F,REPARACION Y MANTENIMIENTO DE PC,2021
F,REPARACION Y MANTENIMIENTO DE PC,2021
F,LIQUIDACION  DE SUELDOS,2021
F,LIQUIDACION  DE SUELDOS,2021
F,LIQUIDACION  DE SUELDOS,2021
F,LIQUIDACION  DE SUELDOS,2021
F,LIQUIDACION  DE SUELDOS,2021
F,LIQUIDACION  DE SUELDOS,2021
F,LIQUIDACION  DE SUELDOS,2021
F,LIQUIDACION  DE SUELDOS,2021
F,LIQUIDACION  DE SUELDOS,2021
F,LIQUIDACION  DE SUELDOS,2021
F,LIQUIDACION  DE SUELDOS,2021
F,LIQUIDACION  DE SUELDOS,2021
F,LIQUIDACION  DE SUELDOS,2021
F,LIQUIDACION  DE SUELDOS,2021
F,LIQUIDACION  DE SUELDOS,2021
F,LIQUIDACION  DE SUELDOS,2021
F,LIQUIDACION  DE SUELDOS,2021
F,LIQUIDACION  DE SUELDOS,2021
F,LIQUIDACION  DE SUELDOS,2021
F,LIQUIDACION  DE SUELDOS,2021
F,LIQUIDACION  DE SUELDOS,2021
F,LIQUIDACION  DE SUELDOS,2021
M,LIQUIDACION  DE SUELDOS,2021
F,LIQUIDACION  DE SUELDOS,2021
F,LIQUIDACION  DE SUELDOS,2021
M,LIQUIDACION  DE SUELDOS,2021
M,SOLDADOR,2021
F,SOLDADOR,2021
M,SOLDADOR,2021
F,SOLDADOR,2021
M,SOLDADOR,2021
M,SOLDADOR,2021
M,SOLDADOR,2021
M,SOLDADOR,2021
M,SOLDADOR,2021
F,SOLDADOR,2021
F,SOLDADOR,2021
F,SOLDADOR,2021
F,SOLDADOR,2021
M,SOLDADOR,2021
M,SOLDADOR,2021
M,SOLDADOR,2021
M,SOLDADOR,2021
M,SOLDADOR,2021
M,SOLDADOR,2021
M,SOLDADOR,2021
M,SOLDADOR,2021
M,SOLDADOR,2021
M,SOLDADOR,2021
M,SOLDADOR,2021
M,SOLDADOR,2021
M,"Programación Python, SQL",2021
M,"Programación Python, SQL",2021
M,"Programación Python, SQL",2021
M,"Programación Python, SQL",2021
M,"Programación Python, SQL",2021
M,"Programación Python, SQL",2021
M,"Programación Python, SQL",2021
M,"Programación Python, SQL",2021
F,"Programación Python, SQL",2021
M,"Programación Python, SQL",2021
M,"Programación Python, SQL",2021
M,"Programación Python, SQL",2021
M,"Programación Python, SQL",2021
M,"Programación Python, SQL",2021
M,"Programación Python, SQL",2021
M,"Programación Python, SQL",2021
M,"Programación Python, SQL",2021
M,"Programación Python, SQL",2021
F,"Programación Python, SQL",2021
M,CONS. EN SECO,2021
F,CONS. EN SECO,2021
M,CONS. EN SECO,2021
M,CONS. EN SECO,2021
M,CONS. EN SECO,2021
M,CONS. EN SECO,2021
M,CONS. EN SECO,2021
F,CONS. EN SECO,2021
M,CONS. EN SECO,2021
M,CONS. EN SECO,2021
F,EXCEL,2021
M,EXCEL,2021
F,EXCEL,2021
F,EXCEL,2021
F,EXCEL,2021
F,EXCEL,2021
F,EXCEL,2021
F,EXCEL,2021
F,EXCEL,2021
F,EXCEL,2021
F,EXCEL,2021
F,EXCEL,2021
M,EXCEL,2021
F,EXCEL,2021
F,EXCEL,2021
M,EXCEL,2021
M,EXCEL,2021
F,EXCEL,2021
M,EXCEL,2021
F,EXCEL,2021
F,EXCEL,2021
F,EXCEL,2021
F,EXCEL,2021
F,EXCEL,2021
F,EXCEL,2021
F,EXCEL,2021
F,EXCEL,2021
M,EXCEL,2021
F,EXCEL,2021
F,EXCEL,2021
M,SOLID WORKS,2021
M,SOLID WORKS,2021
M,SOLID WORKS,2021
M,SOLID WORKS,2021
M,SOLID WORKS,2021
F,SOLID WORKS,2021
M,CONSTRUCCIÓN EN SECO COLOR PLUS,2021
M,CONSTRUCCIÓN EN SECO COLOR PLUS,2021
M,CONSTRUCCIÓN EN SECO COLOR PLUS,2021
F,CONSTRUCCIÓN EN SECO COLOR PLUS,2021
F,CONSTRUCCIÓN EN SECO COLOR PLUS,2021
M,CONSTRUCCIÓN EN SECO COLOR PLUS,2021
M,CONSTRUCCIÓN EN SECO COLOR PLUS,2021
M,CONSTRUCCIÓN EN SECO COLOR PLUS,2021
M,CONSTRUCCIÓN EN SECO COLOR PLUS,2021
M,CONSTRUCCIÓN EN SECO COLOR PLUS,2021
M,CONSTRUCCIÓN EN SECO COLOR PLUS,2021
M,CONSTRUCCIÓN EN SECO COLOR PLUS,2021
M,CONSTRUCCIÓN EN SECO COLOR PLUS,2021
M,CONSTRUCCIÓN EN SECO COLOR PLUS,2021
M,CONSTRUCCIÓN EN SECO COLOR PLUS,2021
F,CONSTRUCCIÓN EN SECO COLOR PLUS,2021
F,OPERARIO DE CAMPO,2021
F,OPERARIO DE CAMPO,2021
F,OPERARIO DE CAMPO,2021
M,OPERARIO DE CAMPO,2021
F,OPERARIO DE CAMPO,2021
F,OPERARIO DE CAMPO,2021
F,OPERARIO DE CAMPO,2021
F,OPERARIO DE CAMPO,2021
F,OPERARIO DE CAMPO,2021
F,OPERARIO DE CAMPO,2021
F,OPERARIO DE CAMPO,2021
M,OPERARIO DE CAMPO,2021
F,OPERARIO DE CAMPO,2021
M,OPERARIO DE CAMPO,2021
F,OPERARIO DE CAMPO,2021
F,OPERARIO DE CAMPO,2021
M,OPERARIO DE CAMPO,2021
F,OPERARIO DE CAMPO,2021
M,OPERARIO DE CAMPO,2021
M,OPERARIO DE CAMPO,2021
M,OPERARIO DE CAMPO,2021
F,OPERARIO DE CAMPO,2021
F,OPERARIO DE CAMPO,2021
F,OPERARIO DE CAMPO,2021
F,OPERARIO DE CAMPO,2021
F,OPERARIO DE CAMPO,2021
F,OPERARIO DE CAMPO,2021
F,OPERARIO DE CAMPO,2021
F,OPERARIO DE CAMPO,2021
F,OPERARIO DE CAMPO,2021
F,OPERARIO DE CAMPO,2021
F,OPERARIO DE CAMPO,2021
F,OPERARIO DE CAMPO,2021
F,OPERARIO DE CAMPO,2021
F,OPERARIO DE CAMPO,2021
F,OPERARIO DE CAMPO,2021
F,OPERARIO DE CAMPO,2021
F,OPERARIO DE CAMPO,2021
M,OPERARIO DE CAMPO,2021
F,OPERARIO DE CAMPO,2021
F,OPERARIO DE CAMPO,2021
F,OPERARIO DE CAMPO,2021
F,OPERARIO DE CAMPO,2021
M,OPERARIO DE CAMPO,2021
F,OPERARIO DE CAMPO,2021
F,OPERARIO DE CAMPO,2021
F,OPERARIO DE CAMPO,2021
F,OPERARIO DE CAMPO,2021
M,OPERARIO DE CAMPO,2021
F,OPERARIO DE CAMPO,2021
M,OPERARIO DE CAMPO,2021
F,OPERARIO DE CAMPO,2021
F,OPERARIO DE CAMPO,2021
F,OPERARIO DE CAMPO,2021
M,OPERARIO DE CAMPO,2021
F,OPERARIO DE CAMPO,2021
F,OPERARIO DE CAMPO,2021
F,OPERARIO DE CAMPO,2021
F,OPERARIO DE CAMPO,2021
F,OPERARIO DE CAMPO,2021
F,OPERARIO DE CAMPO,2021
F,OPERARIO DE CAMPO,2021
M,OPERARIO DE CAMPO,2021
F,OPERARIO DE CAMPO,2021
F,OPERARIO DE CAMPO,2021
F,VENDEDOR,2021
F,VENDEDOR,2021
F,VENDEDOR,2021
F,VENDEDOR,2021
F,VENDEDOR,2021
F,VENDEDOR,2021
F,VENDEDOR,2021
M,VENDEDOR,2021
F,VENDEDOR,2021
F,VENDEDOR,2021
F,VENDEDOR,2021
M,VENDEDOR,2021
F,VENDEDOR,2021
M,TORNERO,2021
M,TORNERO,2021
M,TORNERO,2021
M,TORNERO,2021
M,TORNERO,2021
M,SUSPENSIÓN Y DIRECCIÓN,2021
M,SUSPENSIÓN Y DIRECCIÓN,2021
M,SUSPENSIÓN Y DIRECCIÓN,2021
M,SUSPENSIÓN Y DIRECCIÓN,2021
M,SUSPENSIÓN Y DIRECCIÓN,2021
M,SUSPENSIÓN Y DIRECCIÓN,2021
M,SUSPENSIÓN Y DIRECCIÓN,2021
M,SUSPENSIÓN Y DIRECCIÓN,2021
M,SUSPENSIÓN Y DIRECCIÓN,2021
M,SUSPENSIÓN Y DIRECCIÓN,2021
M,SUSPENSIÓN Y DIRECCIÓN,2021
M,SUSPENSIÓN Y DIRECCIÓN,2021
M,SUSPENSIÓN Y DIRECCIÓN,2021
M,SUSPENSIÓN Y DIRECCIÓN,2021
M,SUSPENSIÓN Y DIRECCIÓN,2021
M,SUSPENSIÓN Y DIRECCIÓN,2021
M,SUSPENSIÓN Y DIRECCIÓN,2021
M,SUSPENSIÓN Y DIRECCIÓN,2021
M,SUSPENSIÓN Y DIRECCIÓN,2021
M,SUSPENSIÓN Y DIRECCIÓN,2021
M,SUSPENSIÓN Y DIRECCIÓN,2021
F,SUSPENSIÓN Y DIRECCIÓN,2021
M,SUSPENSIÓN Y DIRECCIÓN,2021
M,SUSPENSIÓN Y DIRECCIÓN,2021
M,SUSPENSIÓN Y DIRECCIÓN,2021
M,SUSPENSIÓN Y DIRECCIÓN,2021
M,SUSPENSIÓN Y DIRECCIÓN,2021
M,SUSPENSIÓN Y DIRECCIÓN,2021
M,SUSPENSIÓN Y DIRECCIÓN,2021
M,SUSPENSIÓN Y DIRECCIÓN,2021
M,SUSPENSIÓN Y DIRECCIÓN,2021
M,SUSPENSIÓN Y DIRECCIÓN,2021
M,SUSPENSIÓN Y DIRECCIÓN,2021
M,SUSPENSIÓN Y DIRECCIÓN,2021
M,SUSPENSIÓN Y DIRECCIÓN,2021
M,SUSPENSIÓN Y DIRECCIÓN,2021
M,SUSPENSIÓN Y DIRECCIÓN,2021
M,SUSPENSIÓN Y DIRECCIÓN,2021
M,SUSPENSIÓN Y DIRECCIÓN,2021
M,SUSPENSIÓN Y DIRECCIÓN,2021
M,SUSPENSIÓN Y DIRECCIÓN,2021
M,SUSPENSIÓN Y DIRECCIÓN,2021
M,SUSPENSIÓN Y DIRECCIÓN,2021
M,SUSPENSIÓN Y DIRECCIÓN,2021
M,SUSPENSIÓN Y DIRECCIÓN,2021
M,SUSPENSIÓN Y DIRECCIÓN,2021
M,SUSPENSIÓN Y DIRECCIÓN,2021
F,SUSPENSIÓN Y DIRECCIÓN,2021
M,SUSPENSIÓN Y DIRECCIÓN,2021
M,Carpintería en Aluminio,2021
M,Carpintería en Aluminio,2021
M,Carpintería en Aluminio,2021
M,Carpintería en Aluminio,2021
M,Carpintería en Aluminio,2021
M,Carpintería en Aluminio,2021
M,Carpintería en Aluminio,2021
M,Carpintería en Aluminio,2021
M,Carpintería en Aluminio,2021
M,Carpintería en Aluminio,2021
M,Carpintería en Aluminio,2021
M,Carpintería en Aluminio,2021
M,Carpintería en Aluminio,2021
M,Carpintería en Aluminio,2021
M,Carpintería en Aluminio,2021
F,Carpintería en Aluminio,2021
M,Carpintería en Aluminio,2021
M,Carpintería en Aluminio,2021
F,Carpintería en Aluminio,2021
F,Escuela de Charqueadores y Despostado,2021
F,Escuela de Charqueadores y Despostado,2021
M,Escuela de Charqueadores y Despostado,2021
F,Escuela de Charqueadores y Despostado,2021
F,Escuela de Charqueadores y Despostado,2021
F,Escuela de Charqueadores y Despostado,2021
F,Escuela de Charqueadores y Despostado,2021
F,Escuela de Charqueadores y Despostado,2021
F,Escuela de Charqueadores y Despostado,2021
F,Escuela de Charqueadores y Despostado,2021
F,Escuela de Charqueadores y Despostado,2021
F,Escuela de Charqueadores y Despostado,2021
M,Escuela de Charqueadores y Despostado,2021
M,Escuela de Charqueadores y Despostado,2021
F,Escuela de Charqueadores y Despostado,2021
M,Escuela de Charqueadores y Despostado,2021
F,Escuela de Charqueadores y Despostado,2021
M,Escuela de Charqueadores y Despostado,2021
F,Escuela de Charqueadores y Despostado,2021
M,Escuela de Charqueadores y Despostado,2021
F,Escuela de Charqueadores y Despostado,2021
M,Escuela de Charqueadores y Despostado,2021
M,Escuela de Charqueadores y Despostado,2021
M,Escuela de Charqueadores y Despostado,2021
M,Escuela de Charqueadores y Despostado,2021
M,Escuela de Charqueadores y Despostado,2021
M,Escuela de Charqueadores y Despostado,2021
M,Escuela de Charqueadores y Despostado,2021
M,Electromecánica del Automotor,2021
M,Electromecánica del Automotor,2021
M,Electromecánica del Automotor,2021
M,Electromecánica del Automotor,2021
M,Electromecánica del Automotor,2021
M,Electromecánica del Automotor,2021
M,Electromecánica del Automotor,2021
M,Electromecánica del Automotor,2021
F,Electromecánica del Automotor,2021
M,Electromecánica del Automotor,2021
M,Electromecánica del Automotor,2021
M,Electromecánica del Automotor,2021
M,Electromecánica del Automotor,2021