presentacion_plano,ingreso,inmueble,superficie_en_m2,usos
2020-01-3,2014-11-13,37000900000,"2206,79",EDIFICIO                 
2020-01-3,2016-06-21,98002000000,"57,95",VIVIENDA                 
2020-01-3,2016-06-21,98000100000,"57,95",VIVIENDA                 
2020-01-3,2019-09-27, 01048A00400000  ,"184,74",VIVIENDA                 
2020-01-3,2019-11-13,11502600000,"66,68",VIVIENDA                 
2020-01-3,  /  /  , 00833C01300000  ,"133,17",VIVIENDA 1 Y 2           
2020-01-6,2018-12-21,74601500000,224,VIVIENDA                 
2020-01-7,2019-07-5,34002300000,"475,62",COCHERAS                 
2020-01-7,2019-11-1,61100900000,"210,88",VIVIENDA                 
2020-01-7,2019-11-4, 00931O00400000  ,42,CONS VIVIENDA            
2020-01-7,2019-12-4, 00145A02300000  ,"93,58",VIVIENDA                 
2020-01-7,2019-12-5,124600900000,"188,44",VIVIENDA                 
2020-01-8,2019-12-11,89303000000,"213,18",CONS. AMP VIVIENDA       
2020-01-9,2019-06-5,5402700000,"67,97",REG AMP VIVIENDA         
2020-01-9,2019-09-6,13901500000,"439,83",CONS VIVIENDA            
2020-01-9,2019-09-6,89401400000,"115,18",VIVIENDA                 
2020-01-9,2019-10-16,22801100000,"280,95",VIVIENDA 1 Y 2           
2020-01-9,2019-10-24, 01007B01100000  ,"86,43",REG AMP VIVIENDA         
2020-01-9,2019-12-2,24100500000,"93,77",VIVIENDA                 
2020-01-9,2019-12-3,121801200000,"171,47",LOCAL-DEPOSITO           
2020-01-9,  /  /  ,97802700000,"59,63",VIVIENDA                 
2020-01-9,  /  /  ,97802800000,"59,63",VIVIENDA                 
2020-01-9,  /  /  ,97802900000,"59,63",VIVIENDA                 
2020-01-9,  /  /  ,97803000000,"59,63",VIVIENDA                 
2020-01-9,  /  /  ,97803100000,"59,63",VIVIENDA                 
2020-01-9,  /  /  ,97803300000,"59,63",                         
2020-01-9,  /  /  ,97803400000,"59,63",VIVIENDA                 
2020-01-9,  /  /  ,97803500000,"59,63",VIVIENDA                 
2020-01-9,  /  /  ,97803600000,"59,63",VIVIENDA                 
2020-01-9,  /  /  ,97803700000,"59,63",VIVIENDA                 
2020-01-9,  /  /  ,97803800000,"59,63",VIVIENDA                 
2020-01-9,  /  /  ,97803900000,"59,63",VIVIENDA                 
2020-01-9,  /  /  ,97804000000,"59,63",VIVIENDA                 
2020-01-9,  /  /  ,97804100000,"59,63",VIVIENDA                 
2020-01-10,2019-08-23,58900100000,"170,62",REG VIVIENDA             
2020-01-10,2019-10-30,10801300000,"159,84",VIVIENDAS UNIFAMILIARES  
2020-01-10,2019-11-22,52700200000,"128,81",VIVIENDA                 
2020-01-13,2019-09-4,65102300000,"331,49",LOCAL COMERCIAL          
2020-01-13,2019-11-1, 00089B00500000  ,"171,04",CONS VIVIENDA            
2020-01-13,2019-11-20, 00962A00300000  ,"105,1",VIVIENDA 1 Y 2           
2020-01-14,2019-11-5,121401000000,"273,87",VIVIENDA                 
2020-01-14,2019-11-12,128002100000,"84,42",VIVIENDA                 
2020-01-14,2019-11-13,37801900000,"256,1",CONS DEPOSITO            
2020-01-14,  /  /  ,97803200000,"59,63",VIVIENDA                 
2020-01-15,2017-10-19, P0900801000000  ,"337,6",VIVIENDA                 
2020-01-16,2019-08-26,107602700000,"255,62",VIVIENDAS                
2020-01-16,2019-10-17,30202600000,"108,96",VIVIENDA                 
2020-01-16,2019-10-30,95101200000,"142,74",VIVIENDA                 
2020-01-16,2019-11-26, 00148H00800000  ,0,VIVIENDA 1 Y 2           
2020-01-16,2019-12-4, 00463A03100000  ,"419,93",VETERINARIA              
2020-01-16,2019-12-17,53400200000,"81,93",VIVIENDA                 
2020-01-16,2019-12-23,58702100000,"154,81",VIVIENDA                 
2020-01-17,2019-09-24,60301000000,"247,64",VIVIENDA                 
2020-01-17,2019-10-23,9803100000,"156,07",VIVIENDA                 
2020-01-17,2019-10-30, 00747B01400000  ,"205,5",                         
2020-01-17,2019-11-13, 01066B01500000  ,"113,93",VIVIENDA                 
2020-01-17,2019-11-28,127900500000,"160,78",REG AMP VIVIENDA         
2020-01-17,2019-12-4,65002400000,"121,97",VIVIENDAS UNIFAMILIARES  
2020-01-20,2019-08-30,43302700000,"88,83",RELEVAMIENTO             
2020-01-20,2019-08-30,43302800000,"107,02",REG VIVIENDA             
2020-01-20,2019-10-31,71301800000,"182,69",REG VIVIENDA             
2020-01-20,2019-11-13,75700800000,"84,9",VIVIENDA                 
2020-01-20,2019-11-19,26902000000,"335,41",CONS. AMP VIVIENDA       
2020-01-20,2019-11-19,7500300000,"77,35",VIVIENDA                 
2020-01-21,2019-09-5,89701300000,"142,35",AMP VIVIENDA             
2020-01-21,2019-12-6,33300500000,"250,23",JARDIN INFANTES          
2020-01-22,2019-10-25,64002200000,"135,21",VIVIENDA                 
2020-01-22,2019-10-28, 00839B01000000  ,"102,4",VIVIENDA                 
2020-01-22,2019-11-8,93700300000,"78,99",VIVIENDA                 
2020-01-23,2019-11-1,30103100000,0,DEMOLICION TOTAL         
2020-01-27,2019-10-30, 00089B00200000  ,"73,68",CASA QUINTA              
2020-01-27,2019-11-8,65503800000,0,DEMOLICION TOTAL         
2020-01-27,2019-12-30,43202300000,220,LAVADERO-GALPON          
2020-01-28,2018-11-16,16702300000,"274,29",VIVIENDA 1 Y 2           
2020-01-28,2019-09-25,59403100000,"206,4",VIVIENDA                 
2020-01-28,2019-10-29,54601500000,"233,06",VIVIENDAS                
2020-01-28,2019-12-17, 00931E02100000  ,"128,54",VIVIENDA 1 Y 2           
2020-01-28,2019-12-17, 0082CH01400000  ,"202,54",VIVIENDA 1 Y 2           
2020-01-28,2019-12-27,89901800000,"183,16",VIVIENDAS UNIFAMILIARES  
2020-01-28,  /  /  ,25500900000,"230,82",REG AMP VIVIENDA         
2020-01-29,2018-08-21,32400400000,"235,31",VIVIENDAS                
2020-01-29,2019-02-7,36200400000,"66,09",LOCAL COMERCIAL          
2020-01-29,2019-10-25,22101100000,"128,51",LOCAL COMERCIAL          
2020-01-30,2018-08-17, 00142G01800000  ,"212,1",GALPON-COMERCIO          
2020-01-30,2018-09-6,43501400000,"651,1",VIVIENDAS COLECTIVAS     
2020-01-30,2019-09-27,110000900000,"164,22",VIVIENDA                 
2020-01-30,2019-11-19, 00065H00500000  ,"90,04",VIVIENDA                 
2020-01-30,  /  /  ,89302800000,"193,87",VIVIENDA                 
2020-01-31,2019-05-15, 01261G01100000  ,"374,68",VIVIENDA                 
2020-01-31,2019-08-30, 0812B102300000  ,"223,78",VIVIENDA                 
2020-01-31,2020-01-3,86601000000,"101,48",10M2  POR UNICA VEZ      
2020-02-3,2019-10-4, P1301900100000  ,"5304,5",VIVIENDAS                
2020-02-3,2019-11-25, 00486A00400000  ,"106,34",10M2  POR UNICA VEZ      
2020-02-4,2019-10-10,66202700000,"233,43",VIVIENDA                 
2020-02-4,2019-11-19, 0119CH02900000  ,"103,43",VIVIENDA                 
2020-02-4,2019-11-22, 0119CH03200000  ,"57,6",REG DEPOSITO             
2020-02-4,2019-12-23,34500400000,"161,96",VIVIENDA                 
2020-02-6,2018-10-23, 01117E00100000  ,"654,81",VIVIENDA                 
2020-02-6,2019-12-12, 00953A02000000  ,"140,94",CONS. AMP VIVIENDA       
2020-02-7,2019-06-4,70201400000,"140,89",VIVIENDA                 
2020-02-7,2019-07-12,42801000000,"81,51",AMP VIVIENDA             
2020-02-7,2019-09-26,108602600000,"274,22",VIVIENDA                 
2020-02-7,2019-11-8,3201100000,"82,07",VIVIENDA                 
2020-02-7,2019-12-13,42805000000,"95,92",VIVIENDA                 
2020-02-10,2019-05-7, 00248B02300000  ,"262,33",10M2  POR UNICA VEZ      
2020-02-11,2019-11-29,50900800000,"380,62",VIVIENDA 1 Y 2           
2020-02-11,2019-12-23,44200500000,"110,59",REG ALERO                
2020-02-11,2020-01-3,42903300000,"369,97",LOCAL COMERCIAL          
2020-02-11,2020-01-16, 0930B202700000  ,"128,35",CONS VIVIENDA            
2020-02-12,2019-12-16,42803000000,"8,12",REG VIVIENDA             
2020-02-13,2019-10-7,58302100000,"157,92",VIVIENDAS                
2020-02-13,2020-01-17, 00953O01600000  ,"112,57",VIVIENDA                 
2020-02-14,2019-04-1,44000100000,"3588,17",CLUB                     
2020-02-14,2019-06-13,108602500000,"302,93",VIVIENDA                 
2020-02-14,2019-11-1,7201800000,"121,36",VIVIENDA 1 Y 2           
2020-02-14,2020-01-2, P1400700400000  ,0,DEMOLICION TOTAL         
2020-02-14,2020-01-22,106501500000,60,CONS DEPOSITO            
2020-02-17,2019-08-21,42202600000,"267,88",COMERCIO Y VIVIENDA      
2020-02-17,2019-10-9,64800600000,"133,68",VIVIENDA                 
2020-02-17,2019-11-12,13701200000,"310,18",REG VIVIENDA             
2020-02-18,2018-07-13,110300400000,"141,6",VIVIENDA                 
2020-02-18,2019-10-24,28801800000,"142,13",VIVIENDA                 
2020-02-18,2019-12-13,42804700000,"6,24",DEPOSITO                 
2020-02-18,2019-12-13, 00407A00800000  ,0,DEMOLICION TOTAL         
2020-02-18,2019-12-13, 00953G01600000  ,"201,47",AMP VIVIENDA             
2020-02-18,2019-12-20, 00465A00800000  ,"85,71",VIVIENDA                 
2020-02-18,2019-12-26, 00908F03000000  ,"214,48",VIVIENDA                 
2020-02-18,2020-01-28, 00142N00500000  ,"223,64",AMP VIVIENDA             
2020-02-19,2018-05-7, 00148C00200000  ,"113,3",P.B. 01 PISOS            
2020-02-19,2019-11-19,9200300000,"225,05",VIVIENDA                 
2020-02-20,2019-12-6, 00486A01100000  ,"1526,61",                         
2020-02-20,2019-12-13,76303100000,"91,61",VIVIENDA                 
2020-02-20,2019-12-19,42802000000,"597,56",AMPLIAC.A REGUL          
2020-02-21,2019-12-20, P0401201000000  ,"30327,38",PLANTA DE SILOS          
2020-02-21,2019-12-23, 00407A02500000  ,"88,36",10M2  POR UNICA VEZ      
2020-02-21,2020-01-21,5902400000,"98,26",CONS VIVIENDA            
2020-02-21,2020-01-23,93802000000,"77,58",CONS VIVIENDA            
2020-02-26,2018-09-28, 00758B01100000  ,"174,6",TALLER HERRERIA          
2020-02-26,2019-07-11,2801000000,"136,28",CONS VIVIENDA            
2020-02-27,2018-01-31,64104000000,"185,68",VIVIENDA                 
2020-02-27,2019-06-11, 00747E01700000  ,"149,69",AMP VIVI A REG           
2020-02-27,2019-11-20, 00953O01000000  ,"43,95",CONS VIVIENDA            
2020-02-27,2019-12-12, 00444B00100000  ,"234,12",REG AMPLIACION           
2020-02-27,2020-01-24,28904400000,"253,58",VIVIENDA-COMERCIO        
2020-02-28,2019-12-5,44501100000,"195,14",VIVIENDA                 
2020-02-28,2019-12-20,81801700000,"84,89",CONS VIVIENDA            
2020-02-28,2020-02-3,53900600000,"101,18",REG AMP VIVIENDA         
2020-02-28,  /  /  ,127702600000,0,                         
2020-03-2,2019-10-25,37601200000,"358,19",COCHERA COMERCI          
2020-03-3,2019-12-13,16700200000,"110,37",CONFORME A OBRA          
2020-03-4,2018-08-7,74202900000,"350,65",RELEVAMIENTO             
2020-03-5,2019-06-25, 00118A00100000  ,"160,65",VIVIENDAS COLECTIVAS     
2020-03-5,2019-07-26, 00672A02700000  ,"299,32",VIVIENDAS                
2020-03-5,2019-12-18, 00142N00800000  ,"189,99",VIVIENDA 1 Y 2           
2020-03-5,2020-01-14,94100200000,"92,84",CONS VIVIENDA            
2020-03-5,2020-02-26,76303100000,"150,56",VIVIENDA 1 Y 2           
2020-03-9,2019-04-17,96400900000,"134,5",CONS VIVIENDA            
2020-03-9,2019-09-24, P1302400500000  ,"666,36",GALPON FABRICA           
2020-03-9,2019-10-31, 00955B01900000  ,"151,68",VIVIENDA 1 Y 2           
2020-03-9,2019-12-5,69100600000,"157,47",REG VIVIENDA             
2020-03-9,2020-02-10,9801400000,"144,88",VIVIENDA 1 Y 2           
2020-03-10,2019-06-11,96501100000,"182,66",VIVIENDA                 
2020-03-10,2019-12-3, 0077G102800000  ,"110,91",VIVIENDA                 
2020-03-11,2019-08-23,13802200000,"478,45",DEPOSITO OFICINA         
2020-03-11,2019-10-7,65903700000,"206,09",VIVIENDA                 
2020-03-11,2019-11-4,50100100000,"473,4",VIVIENDAS                
2020-03-11,2019-11-28, 00817A01300000  ,50,QUINCHO                  
2020-03-11,2019-12-26, P1302501400000  ,"3672,06",FABRICA                  
2020-03-12,2015-11-2,120900300000,"230,79",VIVIENDA                 
2020-03-12,2019-12-23, 00931A03000000  ,"168,7",VIVIENDA                 
2020-03-12,2020-02-3, 00955A03100000  ,"102,65",CONS VIVIENDA            
2020-03-13,2019-10-23,56001000000,"230,83",VIVIENDA                 
2020-03-13,2019-11-29,77300900000,"73,81",REG VIVIENDA             
2020-03-13,2019-12-16, 00119D02900000  ,"84,77",VIVIENDA                 
2020-03-13,2019-12-23,73301700000,"163,93",DEPARTAMENTOS            
2020-03-13,2020-02-6,71401000000,"162,72",LOCALES COMERCIALES      
2020-03-16,2019-12-5, 00180A00600000  ,"142,84",CONS VIVIENDA            
2020-03-19,2019-09-20,27701700000,"140,45",VIVIENDA                 
2020-03-19,2019-11-13, P1400602300000  ,0,DEMOLICION TOTAL         
2020-03-19,2019-12-12,57702200000,"302,95",VIVIENDA                 
2020-03-19,2020-01-6,39201300000,"299,42",VIVIENDA                 
2020-03-19,2020-01-9, 00320B00800000  ,"225,88",VIVIENDA                 
2020-03-19,2020-02-11,40100200000,0,DEMOLICION TOTAL         
2020-03-19,2020-02-28,48703400000,"136,89",10M2  POR UNICA VEZ      
2020-04-9,2019-12-19, P1302101100000  ,"2159,38",REG AMPLIACION           
2020-05-18,2019-09-6, 01073E00800000  ,"299,41",DEPARTAMENTOS            
2020-05-18,2020-02-20,39401500000,"315,19",VIVIENDA                 
2020-05-19,2018-06-21,101200600000,"170,06",VIVIENDA                 
2020-05-19,2019-12-19,50902900000,"438,7",FARMACIA MUTUAL          
2020-05-19,2020-01-3,49205100000,"192,8",CONS VIVIENDA            
2020-05-20,2020-02-20,34700600000,"149,98",10M2  POR UNICA VEZ      
2020-05-21,2020-01-7, 00065A00600000  ,"270,73",CONST GALPON             
2020-05-21,2020-02-5,93703400000,"62,04",VIVIENDA 1 Y 2           
2020-05-22,2019-11-27, 00931E01200000  ,"233,89",CONS VIVIENDA            
2020-05-22,2019-12-9,8200200000,"135,66",CONFORME A OBRA          
2020-05-22,2020-01-14, 01261I00400000  ,"337,07",CONFORME A OBRA          
2020-05-26,2019-08-2, 01261G01400000  ,"352,13",VIVIENDA                 
2020-05-27,2019-12-9, P1302301100000  ,"1421,41",DEPOSITO METALURGICO     
2020-05-27,2020-02-26,10800200000,"414,59",CONST GALPON             
2020-05-28,2020-01-23,62602300000,"499,65",OFICINAS                 
2020-05-28,2020-02-10,16301500000,"47,91",CONS VIVIENDA            
2020-05-28,2020-02-13,22101200000,"155,85",VIVIENDA                 
2020-05-28,2020-02-21,11402400000,"90,8",CONS VIVIENDA            
2020-06-1,2019-11-5,113000100000,"1134,44",VIVIENDA                 
2020-06-1,2020-01-21,82900300000,"429,33",HOTEL                    
2020-06-2,2020-02-26,52502200000,"567,52",COMERCIO                 
2020-06-5,2020-01-23,127400200000,"282,18",VIVIENDA                 
2020-06-5,2020-01-28, 00089A00500000  ,"146,98",CONS VIVIENDA            
2020-06-5,2020-01-29,47802700000,"423,31",CONFORME A OBRA          
2020-06-5,2020-02-5,110500400000,"141,78",VIVIENDA                 
2020-06-5,2020-03-2, 00038A02500000  ,"31,36",VIVIENDA                 
2020-06-5,  /  /  ,47802700000,0,                         
2020-06-8,2019-11-28,49600200000,"278,94",CONS. AMP VIVIENDA       
2020-06-8,2020-02-7,84502300000,"215,36",VIVIENDA                 
2020-06-9,2019-12-30, 00953D00600000  ,"299,4",VIVIENDA 1-2-3           
2020-06-11,2020-02-12, 00037603100I01  ,"1452,7",DEPARTAMENTOS            
2020-06-11,2020-02-13,30401300000,"10,12",PISCINA                  
2020-06-11,2020-02-21, 00400A02500000  ,"208,33",VIVIENDA                 
2020-06-11,2020-03-6,39303000000,0,DEMOLICION TOTAL         
2020-06-11,2020-05-20,89603000000,"84,63",CONFORME A OBRA          
2020-06-12,2019-09-3,35100100000,"674,36",OFICINAS                 
2020-06-12,2020-01-27, P1301102200000  ,"19052,51",DEPOSITO DE CER          
2020-06-12,2020-03-6,67600700000,"64,15",CONS VIVIENDA            
2020-06-16,2002-12-30, 0142CH01800000  ,"184,51",CONS DEPOSITO            
2020-06-16,2018-11-27, P1400202100000  ,"2906,71",CENTRO INVESTIGACION     
2020-06-16,2019-06-26,48201600000,"278,39",LOCALES COMERCIALES      
2020-06-16,2019-08-23, P1400202200000  ,"2955,04",CENTRO INVESTIGACION     
2020-06-16,2020-01-24,24602400000,"221,09",LOCAL COMER VIV          
2020-06-16,2020-03-3,101401500000,"200,52",REFORMAS INTERNAS        
2020-06-17,2019-10-17,61903200000,"55,13",REGULARIZACION           
2020-06-17,2019-11-7, 00809F00800000  ,"125,41",CONS VIVIENDA            
2020-06-17,2019-11-12,19200500000,"166,37",VIVIENDA                 
2020-06-17,2020-03-2,66601200000,"37,58",REG AMP VIVIENDA         
2020-06-17,2020-03-10, 01265A01200000  ,"197,05",CONS. AMP VIVIENDA       
2020-06-18,2019-09-25,127701500000,"174,26",VIVIENDA                 
2020-06-19,2019-05-28,49100400000,"132,25",REG VIVIENDA             
2020-06-19,2019-12-5,53402000000,"372,67",CONSULTORIOS MEDICOS     
2020-06-19,2019-12-17,33502100000,"273,26",CONST OFICINAS           
2020-06-19,2020-02-19,64202000000,"103,17",REFORMAS INTERNAS        
2020-06-19,2020-03-16, 00239A00100000  ,"171,14",ANTENA TELECOMUNICACIONES
2020-06-19,2020-03-16,95901000000,0,ANTENA TELECOMUNICACIONES
2020-06-19,2020-03-19,14402000000,"43,52",REG VIVIENDA             
2020-06-22,2020-02-28,110500400000,"194,66",AMP VIVIENDA             
2020-06-23,2019-03-21, 01072E01900000  ,"88,96",REG AMP VIVIENDA         
2020-06-23,2019-11-8,30900800000,"282,31",10M2  POR UNICA VEZ      
2020-06-23,2020-02-4,70202000000,"49,59",VIVIENDA                 
2020-06-24,2011-03-28,98401100000,"59,47",VIVIENDA                 
2020-06-24,2011-03-28,98401500000,"67,52",VIVIENDA                 
2020-06-24,2011-05-30,99403000000,"59,47",VIVIENDA                 
2020-06-24,2014-09-17,29500500000,"694,76",REG AMP                  
2020-06-24,2019-11-7, 00833H02400000  ,"766,22",TEMPLO                   
2020-06-25,2019-10-3,50702600000,"327,24",COMERCIO                 
2020-06-25,2020-01-20,64900700000,"98,48",VIVIENDA                 
2020-06-25,2020-02-12,62500800000,"235,72",VIVIENDA INDIV.          
2020-06-26,2019-06-25, P1302500100000  ,"4980,7",REGULARIZACION           
2020-06-29,2020-03-5, 00143A00200000  ,"264,86",CONS. AMP VIVIENDA       
2020-06-29,2020-03-6,15300700000,"127,14",DEMOLICION PARCIAL       
2020-06-29,2020-05-20, 00103G02200000  ,"224,45",DEMOLICION PARCIAL       
2020-06-30,2020-02-28,31202700000,"127,33",REG AMP VIVIENDA         
2020-07-1,2020-01-2, 00794C03400000  ,"209,28",CONS VIVIENDA            
2020-07-1,2020-01-24,101401400000,"324,94",CAMBIO DE USOS           
2020-07-1,2020-03-12,70900900000,"350,02",SALA VELATORIA           
2020-07-2,2020-03-2,35801800000,"209,76",CONS VIVIENDA            
2020-07-2,2020-03-5,100800800000,"174,47",QUINCHO                  
2020-07-3,2020-02-12, 00239A00200000  ,"41,18",REG VIVIENDA             
2020-07-3,2020-03-19, 01261H01000000  ,"153,65",CONS VIVIENDA            
2020-07-3,2020-05-20,34702400000,"213,44",CONS VIVIENDA            
2020-07-6,2020-02-7, 01261I00500000  ,"272,61",CONFORME A OBRA          
2020-07-7,2019-09-17, 00931T01600000  ,"186,32",CONS VIVIENDA            
2020-07-7,2019-09-27,87900200000,"92,95",REG VIVIENDA             
2020-07-7,2020-02-3,126900400000,"256,17",CONS VIVIENDA            
2020-07-8,2017-07-27, 01261G01700000  ,"328,02",REG VIVIENDA             
2020-07-8,2020-01-6, 01048A00400000  ,"280,54",CONS. AMP VIVIENDA       
2020-07-8,2020-03-12,18401400000,"203,5",DEPOSITO FAMILIAR        
2020-07-8,2020-06-5,66301400000,"93,24",AMP VIVIENDA             
2020-07-14,2017-06-21,93201700000,"253,95",CONST GALPON             
2020-07-14,2020-02-4,83100100000,"157,21",CONS VIVIENDA            
2020-07-15,2018-08-9,7301100000,"122,56",REG VIVIENDA             
2020-07-15,2019-11-7, 00248A02600000  ,"138,68",REG VIVIENDA             
2020-07-15,2020-03-2,29601100000,"95,54",REG VIVIENDA             
2020-07-15,2020-05-29,17701300000,"283,76",CONS. AMP VIVIENDA       
2020-07-16,2019-09-20,57900500000,"333,22",CAMBIO DE USOS           
2020-07-16,2020-02-14, 00794C03500000  ,60,QUINCHO                  
2020-07-16,2020-05-19,11501100000,217,CONS. AMP VIVIENDA       
2020-07-17,2017-10-31, 00931S01300000  ,"442,09",VIVIENDAS COLECTIVAS     
2020-07-17,2017-12-26,70102600000,"247,94",REG AMP VIVIENDA         
2020-07-17,2020-02-19,62601800000,"82,37",VIVIENDA                 
2020-07-21,2020-01-24,82000200000,"38,8",REGULARIZACION           
2020-07-21,2020-01-28,82002400000,"47,94",REGULARIZACION           
2020-07-21,2020-01-28,82002300000,"2,15",REG DEPOSITO             
2020-07-21,2020-02-6,30103100000,"259,75",OFICINAS                 
2020-07-21,2020-05-19,49002200000,"145,45",REG AMP VIVIENDA         
2020-07-21,  /  /  ,89602700000,"293,7",CONS VIVIENDA            
2020-07-22,2020-01-21, 0142A400400000  ,"117,98",REG VIVIENDA             
2020-07-22,2020-06-4,60103100000,"275,81",REGULARIZACION           
2020-07-22,  /  /  ,74502100000,"499,96",DEMOLICION TOTAL         
2020-07-23,2020-03-4, 00953O01500000  ,"279,57",CENTRO REHABILITACION    
2020-07-23,2020-03-11,104403300000,"165,74",AMP VIVIENDA             
2020-07-23,2020-05-28,34701500000,"233,41",REFORMAS INTERNAS        
2020-07-24,2019-10-30, 00237A01100000  ,"341,03",REGULARIZACION           
2020-07-27,2018-11-20,29502600000,"488,74",REGULARIZACION           
2020-07-27,2020-05-19,35900800000,"156,09",REG AMP VIVIENDA         
2020-07-27,2020-06-4,19100900000,"68,64",CONS VIVIENDA            
2020-07-28,2020-03-19, 00953F02000000  ,"82,92",CONS VIVIENDA            
2020-07-28,2020-06-16,39303000000,"295,88",COCHERAS                 
2020-07-29,2019-02-22,34901200000,"225,58",REG VIVIENDA             
2020-07-29,2020-05-18, 00089B01400000  ,"158,16",CONS VIVIENDA            
2020-07-29,2020-06-9,7701800000,"210,33",CONS VIVIENDA            
2020-07-31,2020-01-28, 00444A01300000  ,"335,54",REG VIVIENDA             
2020-07-31,2020-03-6,94900600000,"110,5",REG AMP VIVIENDA         
2020-07-31,2020-06-18, 00134D01400000  ,"125,34",REG AMP VIVIENDA         
2020-08-3,2019-12-20,76501300000,"130,72",REG VIVIENDA             
2020-08-3,2020-05-29, 01261I00400000  ,"337,07",PISCINA                  
2020-08-3,2020-06-8, 00908F02300000  ,"159,32",CONS VIVIENDA            
2020-08-4,2020-02-4,45401300000,"212,59",AMP VIVIENDA             
2020-08-4,2020-05-20, 00089B01100000  ,"161,32",CONS VIVIENDA            
2020-08-4,2020-05-29,28401400000,"140,54",LOCAL COMERCIAL          
2020-08-5,2019-12-13, 01261I00200000  ,"244,35",REG AMP VIVIENDA         
2020-08-5,2020-06-11,32802200000,0,DEMOLICION TOTAL         
2020-08-6,2020-03-11,44904600000,"162,64",REG AMP VIVIENDA         
2020-08-6,2020-06-2,104501000000,"267,35",CONS VIVIENDA            
2020-08-6,2020-06-12,95901400000,"232,02",CONS VIVIENDA            
2020-08-6,2020-07-2,43803200000,"263,63",REFORMAS INTERNAS        
2020-08-7,2020-05-18,31200400000,"167,45",10M2  POR UNICA VEZ      
2020-08-11,2020-03-13,52102100000,"242,18",10M2  POR UNICA VEZ      
2020-08-11,2020-06-2,29302200000,0,DEMOLICION TOTAL         
2020-08-11,2020-06-19,89603000000,"211,43",CONS. AMP VIVIENDA       
2020-08-11,2020-07-3, 0930A200600000  ,"89,93",CONS VIVIENDA            
2020-08-12,2019-09-2, 00789A02700000  ,"84,9",CONS VIVIENDA            
2020-08-12,2019-10-7, P1301301800000  ,"467,89",REG VIVIENDA             
2020-08-12,2020-01-23,33101700000,0,DEMOLICION TOTAL         
2020-08-12,2020-05-21, 00143A01100000  ,"219,25",CONS. AMP VIVIENDA       
2020-08-12,2020-05-26,71401500000,"73,95",10M2  POR UNICA VEZ      
2020-08-12,2020-06-4,104602400000,"152,69",PISCINA                  
2020-08-12,2020-06-29,99401100000,"104,97",CONS. AMP VIVIENDA       
2020-08-14,2020-06-9,96400600000,"134,32",AMP VIVIENDA             
2020-08-14,2020-06-25,51702400000,"126,76",REG DEPOSITO             
2020-08-14,2020-06-29, 01072E02200000  ,"133,44",REG VIVIENDA             
2020-08-18,2020-07-3, 01073H02200000  ,"176,71",10M2  POR UNICA VEZ      
2020-08-19,2020-06-30,42900600000,"165,13",REG VIVIENDA             
2020-08-20,2020-05-29,45301400000,0,DEMOLICION TOTAL         
2020-08-20,2020-06-24, 00470A02400000  ,"207,87",CONFORME A OBRA          
2020-08-21,2020-01-2,53003900001,"305,2",CONS VIVIENDA            
2020-08-24,2017-04-7, 00081B01400000  ,"251,83",CONS. AMP VIVIENDA       
2020-08-24,2020-01-31,24102900000,"123,33",REG VIVIENDA             
2020-08-24,2020-06-26,65703200000,"196,76",DEMOLICION PARCIAL       
2020-08-28,2019-10-23,43600600000,"322,56",CONST OFICINAS           
2020-08-28,2019-11-26,22501900000,"395,54",DEPARTAMENTOS            
2020-08-28,2020-01-28,65301400000,"432,4",REG VIVIENDA             
2020-08-28,2020-02-3,68502300000,"288,98",CONS VIVIENDA            
2020-08-28,2020-06-3, 0103F200300000  ,"59,08",REG AMP VIVIENDA         
2020-08-31,2019-12-3,31301200000,"221,1",REG AMPLIACION           
2020-08-31,2020-03-3,55402100000,"101,78",PISCINA                  
2020-08-31,2020-05-21, 00953J00700000  ,"146,48",CONS. AMP VIVIENDA       
2020-09-1,2020-01-8,56802100000,"170,65",REG VIVIENDA             
2020-09-1,2020-03-10, P0400301500000  ,"335,6",REG VIVIENDA             
2020-09-1,2020-03-16, 00953C01100000  ,"84,74",REG VIVIENDA             
2020-09-1,2020-06-5,104204000000,"209,45",REG AMP VIVIENDA         
2020-09-2,2020-03-11, 01261H02000000  ,"278,52",CONS VIVIENDA            
2020-09-2,2020-05-19, 00089B01500000  ,"299,2",CONS VIVIENDA            
2020-09-2,2020-06-4,93303300000,120,COCHERAS                 
2020-09-2,  /  /  ,63501500000,"144,81",CONS. AMP VIVIENDA       
2020-09-3,2018-02-22, 00148D00900000  ,"128,27",REG VIVIENDA             
2020-09-3,2020-01-29, 00931S01000000  ,"186,9",REG AMP VIVIENDA         
2020-09-3,2020-02-19,61801100000,0,DEMOLICION TOTAL         
2020-09-3,2020-05-29,28903000000,"168,45",AMP VIVIENDA             
2020-09-3,2020-06-9,64402500000,"88,75",CONS. AMP VIVIENDA       
2020-09-3,2020-06-22,112401500000,"221,01",CONS DEPOSITO            
2020-09-3,2020-06-25,60403400000,168,DEMOLICION TOTAL         
2020-09-3,2020-07-2,49602100000,"235,02",CONS VIVIENDA            
2020-09-3,2020-07-14,32202900000,"202,21",RELEVAMIENTO             
2020-09-4,2020-01-10, P1302302000000  ,"3227,63",OFICINA-DEPOSITO         
2020-09-4,2020-06-26, 00407A02500000  ,"200,62",CONS. AMP VIVIENDA       
2020-09-7,2020-01-23,48000100000,"284,95",REG VIVIENDA             
2020-09-7,2020-02-28, 00265B01000000  ,"294,17",REGULARIZACION           
2020-09-7,2020-05-20,68501900000,"71,35",REG VIVIENDA             
2020-09-7,2020-05-28,30702900000,"508,52",DEPOSITO HERR. AGRICOLAS 
2020-09-7,2020-06-3,65402600000,"82,97",VIVIENDA                 
2020-09-7,2020-06-10, 00833A01800000  ,"129,33",VIVIENDA 1 Y 2           
2020-09-7,2020-07-6,55705700000,"855,53",CONFORME A OBRA          
2020-09-7,2020-07-8, 00953C00800000  ,"65,54",VIVIENDA                 
2020-09-14,2020-05-21,121600200000,"232,89",VIVIENDA                 
2020-09-14,2020-06-5,61700100000,"241,59",VIVIENDA-OFICINA         
2020-09-14,2020-06-9,25901900000,"146,27",REG AMP VIVIENDA         
2020-09-14,2020-07-8, 00953J00800000  ,"274,16",VIVIENDA                 
2020-09-15,2020-06-22, 00955A03100000  ,"88,95",CONS VIVIENDA            
2020-09-15,2020-06-23,28400500000,"106,81",DEPOSITO FAMILIAR        
2020-09-15,2020-06-25, 01261I01300000  ,"459,22",VIVIENDA                 
2020-09-15,2020-07-24,44600200000,"108,9",COCHERA                  
2020-09-16,2019-11-28,69501300000,"173,73",VIVIENDA                 
2020-09-16,2020-05-15, 0105A101700000  ,"140,1",DEMOLICION PARCIAL       
2020-09-16,2020-08-10,27702100000,"99,8",VIVIENDA                 
2020-09-17,2019-06-14,84601800000,158,AMP VIVIENDA             
2020-09-17,2019-09-18,39600100000,"7878,54",ESTABLECIMIENTO EDUCATIVO
2020-09-17,2020-08-5, P1301102200000  ,"19120,76",CLAS.Y ALM.CER.          
2020-09-17,2020-08-11, 00953N00700000  ,"142,58",VIVIENDA COLECTIVA       
2020-09-18,2020-06-22,48701400000,"168,38",VIVIENDA                 
2020-09-18,2020-08-25, 00469A02500000  ,"125,8",VIVIENDA                 
2020-09-21,2019-12-16, 00463A02700000  ,"287,52",VIVIENDA                 
2020-09-21,2020-02-26, 00243A01700000  ,"199,49",AMP VIVIENDA             
2020-09-21,2020-08-11,14002500000,"138,53",VIVIENDA                 
2020-09-25,2019-10-31,55704900000,"898,37",VIVIENDA COLECTIVA       
2020-09-25,2020-02-21,48400700000,"261,44",VIVIENDA                 
2020-09-25,2020-07-17, 01261E02500000  ,"378,51",CONST AMP                
2020-09-25,2020-07-23, 0142A600400000  ,"148,01",REG AMP                  
2020-09-25,2020-08-6,56100900000,"159,29",DEMOLICION PARCIAL       
2020-09-25,2020-08-11,93504200000,"177,95",VIVIENDA                 
2020-09-28,2020-02-7,103300800000,253,GALPON DEPOSITO          
2020-09-28,2020-07-20, 00673A01400000  ,"92,07",VIVIENDA                 
2020-09-28,2020-07-21, 00142M00300000  ,"138,88",REG VIVIENDA             
2020-09-29,2016-05-30, P0900801300000  ,"274,54",REG VIVIENDA             
2020-09-29,2020-06-16,5300500000,"327,78",AMPLIAC.A REGUL          
2020-09-29,2020-07-1, 00180A01600000  ,"92,82",REG VIVIENDA             
2020-09-29,2020-07-24, 01073G02400000  ,"79,04",VIVIENDA                 
2020-09-29,2020-08-21,18001000000,"217,27",REG VIVIENDA             
2020-09-29,2020-08-21,18001100000,"217,27",VIVIENDA-LOCAL           
2020-09-29,2020-08-28, 00076A02200000  ,"221,1",GALPON                   
2020-09-30,2020-06-2,45301400000,"97,85",CONS VIVIENDA            
2020-09-30,2020-06-23, 00558A00900000  ,"230,82",AMP VIVIENDA             
2020-09-30,2020-06-25,127101800000,"23,87",PISCINA                  
2020-09-30,2020-08-7, 01261F01300000  ,"292,56",PISCINA                  
2020-10-1,2020-05-21,127501100000,"127,75",CONS VIVIENDA            
2020-10-1,2020-06-5, 00933C00100000  ,"142,16",REG AMP VIVIENDA         
2020-10-1,2020-07-13, 00119A00400000  ,"153,44",REG Y AMPL VIVIENDA      
2020-10-1,2020-07-27, 00931C01300000  ,"130,39",VIVIENDA COLECTIVA       
2020-10-1,2020-08-4,72801300000,"288,04",REG ALERO                
2020-10-2,2020-02-14,27700600000,"133,88",CAMBIO DE USOS           
2020-10-2,2020-06-2, 00103D00600000  ,"117,54",REG AMP                  
2020-10-2,2020-06-10, 00931I02700000  ,"138,97",REG AMP VIVIENDA         
2020-10-2,2020-07-22, 01261I00500000  ,"272,61",PISCINA                  
2020-10-2,2020-07-24, 00102A01800000  ,"191,82",REG AMP VIVIENDA         
2020-10-2,2020-08-5, 00931J01100000  ,"110,4",REG AMP VIVIENDA         
2020-10-2,2020-08-25,127700900000,"106,06",AMP VIVIENDA             
2020-10-2,  /  /  , C0701701300000  ,"3,12",DEPOSITO FUNERARIO       
2020-10-5,2018-11-29,1902700000,"143,14",REGULARIZACION           
2020-10-5,2020-07-7,6900500000,"73,1",CONS VIVIENDA            
2020-10-5,2020-07-8,19503100000,"164,78",CONS VIVIENDA            
2020-10-5,2020-07-14, 00962B00400000  ,"209,25",REG AMP VIVIENDA         
2020-10-5,  /  /  , 00801G03300000  ,"41,3",CONS VIVIENDA            
2020-10-6,2020-05-19,88501800000,"138,91",CONS. AMP VIVIENDA       
2020-10-6,2020-07-7, 00747B02300000  ,"299,23",CONS VIVIENDA            
2020-10-6,2020-08-18, 0747N100300000  ,"72,56",REG VIVIENDA             
2020-10-7,2018-07-31, 00793A02400000  ,"155,58",REG VIVIENDA             
2020-10-7,2020-06-10,106800200000,"234,27",REG VIVIENDA             
2020-10-7,2020-08-7,61501300000,"118,34",CONS VIVIENDA            
2020-10-7,2020-08-10, 0930B202800000  ,"81,51",CONS VIVIENDA            
2020-10-8,2019-07-16,127100100000,"275,27",CONFORME A OBRA          
2020-10-8,2019-12-13,108900800000,"529,41",COM.ACCESORIOS DE AUTOS  
2020-10-8,2020-06-16, 00955B01800000  ,"153,69",CONS VIVIENDA            
2020-10-9,2020-01-9, 00548A01600000  ,"3899,24",SUPERMERCADO             
2020-10-9,2020-02-4,89302800000,"193,87",VIVIENDA                 
2020-10-9,2020-06-16, 00330B00600000  ,"148,53",AMP VIVI A REG           
2020-10-9,2020-07-29,124800300000,"206,89",GALPON                   
2020-10-9,2020-08-18,44802900000,"148,7",REG VIVIENDA             
2020-10-9,2020-08-31,39901700000,184,PANIFICADORA             
2020-10-13,2019-01-7, 01281B00200000  ,"480,49",ALMACENAJE DE COMBUSTIBLE
2020-10-13,2019-12-30, P0100202100000  ,"2927,25",REG.CONST.AGRICOLAS      
2020-10-13,2020-02-12,75503600000,"662,88",COMERCIO Y VIVIENDA      
2020-10-13,2020-07-15, 00953C01200000  ,"160,6",CONS VIVIENDA            
2020-10-13,2020-08-3,99603800000,"59,43",CONS VIVIENDA            
2020-10-13,2020-08-4,60000900000,"244,27",CONS VIVIENDA            
2020-10-13,2020-08-18, 00103D02000000  ,"269,91",REG VIVIENDA             
2020-10-13,2020-08-20,81801600000,"43,17",10M2  POR UNICA VEZ      
2020-10-13,2020-08-31, 00931C01500000  ,"185,03",CONS VIVIENDA            
2020-10-13,2020-09-3, 00953J00700000  ,"185,73",CONS. AMP VIVIENDA       
2020-10-13,2020-09-4,47701000000,"206,72",CONS VIVIENDA            
2020-10-14,2020-06-25,3100200000,"207,31",REG VIVIENDA             
2020-10-14,2020-07-1,121102500000,"402,25",COLEGIO-ESCUELA          
2020-10-14,2020-07-30,20001900000,"72,69",CONS VIVIENDA            
2020-10-14,2020-07-30, 00149A02600000  ,"88,89",CONS. AMP VIVIENDA       
2020-10-14,2020-08-4, 01072F02200000  ,"160,05",REGULARIZACION           
2020-10-14,2020-08-21, 00962G00500000  ,198,CONS VIVIENDA            
2020-10-14,2020-08-31,1902000000,"168,45",VIVIENDA COLECTIVA       
2020-10-14,2020-09-1, 01073B00400000  ,"193,7",CONS.SALON COMERCIAL     
2020-10-14,2020-09-1, 01265A01200000  ,"201,13",VIVIENDA                 
2020-10-15,2020-06-30, 00104A00800000  ,"114,48",REG VIVIENDA             
2020-10-15,2020-08-28,121102200000,"171,9",CONS VIVIENDA            
2020-10-15,2020-09-3, 0078A100400000  ,175,GALPON                   
2020-10-15,2020-09-15,104602400000,"183,68",REG AMP VIVIENDA         
2020-10-16,2019-06-28,37501800000,"784,13",CONFORME A OBRA          
2020-10-16,2020-06-4,71501700000,"241,66",REGULARIZACION           
2020-10-16,2020-09-2,42702800000,"232,06",CONS. AMP VIVIENDA       
2020-10-16,2020-09-4,93305300000,"99,12",CONS. AMP VIVIENDA       
2020-10-19,2018-01-8,95201800000,"212,43",10M2  POR UNICA VEZ      
2020-10-19,2020-06-2,28001600000,"171,62",REGULARIZACION           
2020-10-19,2020-06-3,48201800000,"1543,39",REG VIVIENDA             
2020-10-19,2020-07-16,127502400000,"211,84",REG AMP VIVIENDA         
2020-10-19,2020-07-29,126700600000,"245,79",CONS VIVIENDA            
2020-10-19,2020-08-6,127900200000,"132,42",CONS VIVIENDA            
2020-10-19,2020-09-3, 00931Q00100000  ,"209,48",VIVIENDA 1-2-3           
2020-10-19,2020-09-21,65702300000,"105,87",CONS. AMP VIVIENDA       
2020-10-20,2020-01-28, 00908F00900000  ,"120,11",REG VIVIENDA             
2020-10-20,2020-06-18,13300500000,"287,51",REG VIVIENDA             
2020-10-20,2020-08-14, 01073I01600000  ,"199,2",REG AMP VIVIENDA         
2020-10-20,2020-09-7,33801700000,"206,25",AMP VIVIENDA             
2020-10-20,2020-09-16,37501700000,"200,52",REGULARIZACION           
2020-10-20,2020-09-28, 00953K01200000  ,"219,84",PISCINA                  
2020-10-20,2020-09-29,21001500000,"127,98",PISCINA                  
2020-10-21,2020-05-26,37503200000,"1234,59",SALON DE EVENTOS         
2020-10-21,2020-07-15, 00908F01400000  ,"264,78",REG AMP VIVIENDA         
2020-10-21,2020-07-15, 00793A02700000  ,"124,88",AMP VIVIENDA             
2020-10-21,2020-08-24,101500700000,"115,95",DEMOLICION PARCIAL       
2020-10-21,2020-08-28, 00407A03900000  ,"156,92",CONS.SALON COMERCIAL     
2020-10-21,2020-08-31,126900400000,"256,17",PISCINA                  
2020-10-22,2020-07-1, 01281B01100000  ,"2792,49",REG AMPLIACION           
2020-10-22,2020-08-6, 00953O01800000  ,"149,41",CONS VIVIENDA            
2020-10-22,2020-08-11,76400300000,"86,11",DEMOLICION PARCIAL       
2020-10-22,2020-08-24,34803200000,"119,82",REG AMP VIVIENDA         
2020-10-22,2020-10-6,49900100000,"262,63",REG.AMP.LOCAL COMERCIAL  
2020-10-22,2020-10-9, 0082CH00400000  ,"176,99",REG VIVIENDA             
2020-10-23,2020-06-25,65703900000,"306,28",REG VIVIENDA             
2020-10-23,2020-07-3,61802600000,"170,63",CONS. AMP VIVIENDA       
2020-10-23,2020-08-5,109100800000,"97,31",AMP VIVIENDA             
2020-10-23,2020-08-12,45201200000,"173,45",REG VIVIENDA             
2020-10-23,2020-09-29, 00794C03900000  ,"61,43",CONS VIVIENDA            
2020-10-26,2018-08-8,41001700000,"177,75",REG VIVIENDA             
2020-10-26,2020-07-6,36602900000,"431,46",REGULARIZACION           
2020-10-26,2020-07-17, 00908E01400000  ,"129,88",CONS VIVIENDA            
2020-10-26,2020-08-11, 00930H01900000  ,"112,71",CONS VIVIENDA            
2020-10-26,2020-09-29, 00463A00900000  ,"137,63",CONS. AMP VIVIENDA       
2020-10-26,2020-09-30, 01261F01100000  ,"235,14",AMP VIVIENDA             
2020-10-27,2013-03-26,53700800000,"204,55",REG AMP VIVIENDA         
2020-10-27,2018-08-8,41001800000,"94,7",REG GALPON               
2020-10-27,2020-06-22,38301300000,"622,92",CONS. AMP VIVIENDA       
2020-10-27,2020-09-15, 01072E00400000  ,"198,6",REG AMP VIVIENDA         
2020-10-28,2020-02-12,107300800000,"132,41",CONS VIVIENDA            
2020-10-28,2020-07-8,23402100000,"304,18",VIVIENDAS UNIFAMILIARES  
2020-10-29,2019-12-12, 00065A00500000  ,"321,4",DEPOSITO P/RENTAR        
2020-10-29,2020-09-3,47502300000,"222,3",REG AMP VIVIENDA         
2020-10-29,2020-09-3,47502400000,"254,29",REG AMP VIVIENDA         
2020-10-29,2020-09-30, 00889C01200000  ,"137,38",AMP VIVIENDA             
2020-10-30,2018-01-2,73902000000,"162,97",REG AMP VIVIENDA         
2020-10-30,2020-07-3,27600700000,"371,55",CONS. AMP VIVIENDA       
2020-10-30,2020-07-24, 00330A01400000  ,"89,01",DEPOSITO FAMILIAR        
2020-10-30,2020-08-19,127600100000,"177,36",AMP VIVIENDA             
2020-10-30,2020-09-16,110401100000,"230,18",AMP VIVIENDA             
2020-10-30,2020-09-21,86500600000,"173,24",AMP VIVIENDA             
2020-10-30,2020-09-25,63400300000,"183,34",REG VIVIENDA             
2020-10-30,2020-10-1,43201000000,"131,65",REG.PISCINA              
2020-11-2,2020-06-2,50803100000,"294,79",VIVIENDA-LOCAL           
2020-11-2,2020-07-16,107402200000,"217,27",CONS. AMP VIVIENDA       
2020-11-2,2020-09-7, 00955A01700000  ,"211,87",CONS. AMP VIVIENDA       
2020-11-2,2020-09-14,36801500000,"250,85",REG AMP VIVIENDA         
2020-11-3,2020-06-24, 0930A101600000  ,"140,72",CONS VIVIENDA            
2020-11-3,2020-07-24,95401800000,"199,76",REG AMP VIVIENDA         
2020-11-3,2020-08-7,56303000000,"176,41",REG VIVIENDA             
2020-11-3,2020-10-6,70000400000,0,DEMOLICION TOTAL         
2020-11-4,2020-02-13, 00103D02400000  ,"57,15",COCHERAS                 
2020-11-4,2020-07-1,65802700000,"202,93",REG AMP VIVIENDA         
2020-11-4,2020-09-4,94300900000,"100,41",REG VIVIENDA             
2020-11-4,2020-09-18, 00163C02200000  ,"102,93",CONS VIVIENDA            
2020-11-4,2020-09-29,13300500000,"350,36",CONS. AMP VIVIENDA       
2020-11-5,2020-08-21,107402300000,"228,02",AMP VIVIENDA             
2020-11-5,2020-09-7,84502200000,"407,57",10M2  POR UNICA VEZ      
2020-11-5,2020-09-29,50401500000,"111,12",CAMBIO DE USOS           
2020-11-6,2020-07-15,126600700000,"4237,63",REG DEPOSITO             
2020-11-10,2020-09-2,127501500000,"186,73",REG ALERO                
2020-11-16,2019-09-11,126600700000,"4150,6",REG DEPOSITO             
2020-11-16,2020-05-19, 00931M02100000  ,"110,73",VIVIENDA                 
2020-11-16,2020-07-31,94503400000,"197,16",AMP VIVIENDA             
2020-11-17,2020-06-23,38702900000,"529,82",REFORMAS INTERNAS        
2020-11-17,2020-06-26,127701500000,"299,17",CONS. AMP VIVIENDA       
2020-11-17,2020-08-24,22302400000,"117,67",DEMOLICION PARCIAL       
2020-11-17,2020-09-16,125300200000,"206,22",REG VIVIENDA             
2020-11-17,2020-10-5, 00933C00100000  ,"158,95",REG AMP VIVIENDA         
2020-11-17,2020-10-7,30401300000,"157,38",AMP VIVIENDA             
2020-11-17,2020-10-7, 00143A00200000  ,"273,62",CONS DEPOSITO            
2020-11-17,2020-10-13,86502400000,"126,84",CONS VIVIENDA            
2020-11-18,2020-06-19,96104200000,"329,64",CONS VIVIENDA            
2020-11-18,2020-08-25,41202000001,"599,81",REG ALERO                
2020-11-18,2020-09-17, 00953D02200000  ,"152,49",CONS VIVIENDA            
2020-11-18,2020-09-30,20000800000,"107,03",REG VIVIENDA             
2020-11-18,2020-10-8,80204800000,"45,8",10M2  POR UNICA VEZ      
2020-11-19,2019-12-23,80600300000,"2087,42",REGULARIZACION           
2020-11-19,2020-09-28, 00082B01900000  ,"254,8",REG AMP VIVIENDA         
2020-11-20,2020-02-21, 01019A01700000  ,"138,81",REG ALERO                
2020-11-20,2020-06-2, 00758B02600000  ,"133,98",CONFORME A OBRA          
2020-11-20,2020-07-15,38101800000,"549,05",VIV.- SALON COM.- COCHERA
2020-11-20,2020-07-17, 00908C00400000  ,"182,44",CONS VIVIENDA            
2020-11-20,2020-09-4,94301000000,"149,98",REG AMP VIVIENDA         
2020-11-24,2020-01-16, P0401200800000  ,"30423,56",REGULARIZACION           
2020-11-24,2020-07-22,52902500000,"197,32",REG AMP VIVIENDA         
2020-11-24,2020-08-25,62100500000,"162,25",REG AMP VIVIENDA         
2020-11-24,2020-09-7,79902800000,"85,13",REG VIVIENDA             
2020-11-25,2020-07-17, P0401003600000  ,"2885,84",REGULARIZACION           
2020-11-25,2020-07-22,22601000000,0,DEMOLICION TOTAL         
2020-11-25,2020-10-6, 01265B01300000  ,"255,77",CONS. AMP VIVIENDA       
2020-11-25,2020-10-8, 00931M01600000  ,"171,32",AMP VIVIENDA             
2020-11-25,2020-10-15,38001300000,"20,09",DEMOLICION PARCIAL       
2020-11-26,2020-03-16,22900800000,"102,61",REG VIVIENDA             
2020-11-27,2020-06-22,16200300000,"107,89",REG VIVIENDA             
2020-11-27,2020-08-21,101401400000,"318,97",DEMOLICION PARCIAL       
2020-11-27,2020-09-7, 0142D100600000  ,"70,18",CONS VIVIENDA            
2020-11-27,2020-09-16, 01116E00400000  ,"216,81",AMP VIVIENDA             
2020-11-27,2020-09-28,127001100000,"134,91",CONS VIVIENDA            
2020-11-27,2020-10-15,32200900000,"105,75",LOCAL COMER VIV          
2020-11-30,2020-09-18,127701900000,"237,64",AMP VIVIENDA             
2020-12-1,2020-06-22,21801700000,"177,61",REG AMP VIVIENDA         
2020-12-1,2020-08-12, 01073K00200000  ,"528,83",REG - CAMBIO DE USO      
2020-12-1,2020-09-29, 00889C02100000  ,"126,3",CONS VIVIENDA            
2020-12-1,2020-10-22, 00955A02000000  ,"158,26",CONS VIVIENDA            
2020-12-2,2019-11-19,124701300000,"222,74",REG VIVIENDA             
2020-12-2,2020-06-19,49600800000,"276,82",REG AMP VIVIENDA         
2020-12-2,2020-07-16,35201400000,"392,34",10M2  POR UNICA VEZ      
2020-12-2,2020-09-18,103101400000,"946,84",COMPLEJO HABITACIONAL    
2020-12-3,2019-10-21,46101100000,"664,08",REGULARIZACION           
2020-12-3,2020-09-30, 00142D00600000  ,"131,2",CONS. AMP VIVIENDA       
2020-12-3,2020-10-16,75900200000,"209,53",REG Y AMPL VIVIENDA      
2020-12-3,2020-11-18,124901100000,"1292,64",REG AMP                  
2020-12-4,2019-10-29,108802300000,"138,21",10M2  POR UNICA VEZ      
2020-12-4,2020-07-17,29802200000,"202,24",REG VIVIENDA             
2020-12-4,2020-08-28, 00962G00200000  ,"181,24",REG AMP VIVIENDA         
2020-12-4,2020-09-1,33701000000,"96,76",CONS VIVIENDA            
2020-12-4,  /  /  ,127101900000,0,                         
2020-12-9,2020-07-1,60701700000,"121,79",REG AMP VIVIENDA         
2020-12-9,2020-09-30, 01116D00900000  ,"101,59",REG.PISCINA              
2020-12-9,2020-10-14,19002500000,"302,6",REG AMP VIVIENDA         
2020-12-9,2020-11-16,45700800000,"206,02",DEMOLICION TOTAL         
2020-12-10,2020-07-23,28402500000,"259,12",REG.PISCINA              
2020-12-10,2020-09-3,75002800000,"263,93",CONS. AMP VIVIENDA       
2020-12-10,2020-09-29,28102000000,0,DEMOLICION TOTAL         
2020-12-10,2020-10-6,64503400000,"76,59",REG AMP VIVIENDA         
2020-12-10,2020-10-15, P0901001400000  ,"301,83",CONS. AMP VIVIENDA       
2020-12-11,2019-11-14,43102800000,"234,24",REG VIVIENDA             
2020-12-11,2020-03-2, P0500201700000  ,"1807,94",REG DEPOSITO             
2020-12-11,2020-05-22, P0200200600000  ,"1059,3",REG.CONST.AGRICOLAS      
2020-12-11,2020-09-18, 00251A00700000  ,"323,6",REG AMP VIVIENDA         
2020-12-11,2020-10-13, 00082B02000000  ,"354,5",CONS. AMP VIVIENDA       
2020-12-14,2020-01-24, 00931B00700000  ,"139,11",REG AMP VIVIENDA         
2020-12-14,2020-06-19,24701100000,"99,31",REG VIVIENDA             
2020-12-14,2020-09-25,46402200000,"197,84",CONS VIVIENDA            
2020-12-14,2020-09-29,36802200000,"184,4",AMP VIVIENDA             
2020-12-14,2020-10-1,70503100000,"229,15",CONS. AMP VIVIENDA       
2020-12-17,2020-08-19,36502400000,"241,47",CONS. AMP VIVIENDA       
2020-12-17,2020-10-26,125100100000,"277,92",CONS. AMP VIVIENDA       
2020-12-18,2020-01-24,46803200000,"121,37",REG AMP VIVIENDA         
2020-12-18,2020-09-7,19400400000,"162,89",REGUL.VIVIENDAS          
2020-12-18,2020-10-8,104403600000,"76,33",CONS VIVIENDA            
2020-12-18,2020-10-8,61902800000,"308,32",CONS. AMP VIVIENDA       
2020-12-18,2020-10-16, 00614B00100000  ,"132,16",CONS VIVIENDA 2          
2020-12-21,2020-09-30,43900700000,"187,91",AMP.OFICINAS             
2020-12-21,2020-10-7, 00953D00700000  ,"132,86",CONS VIVIENDA            
2020-12-21,2020-10-15,110400100000,"104,76",CONS VIVIENDA            
2020-12-21,2020-11-2, 00930H01900000  ,"112,71",PISCINA                  
2020-12-23,2020-09-25, 00177B03100000  ,"169,86",CONS VIVIENDA            
2020-12-28,2020-07-20,64900700000,"98,34",CONS VIVIENDA            
2020-12-28,2020-10-6,29602000000,"244,04",CONS VIVIENDA            
2020-12-28,2020-10-15,34901600000,"207,93",CONS. AMP VIVIENDA       
2020-12-28,2020-10-20,71401200000,"134,57",REG VIVIENDA             
2020-12-28,2020-10-26,53501900000,"275,24",REG VIVIENDA             
2020-12-29,2020-08-6,46902600000,"158,14",CONS. AMP VIVIENDA       
2020-12-30,2020-07-28,33701100000,"92,58",REG VIVIENDA             
2020-12-30,2020-08-20,127101900000,"137,15",CONS VIVIENDA            
2020-12-30,2020-10-2,55301300000,"548,49",CONS. AMP VIVIENDA       
2020-12-30,2020-10-8, 00931O01700000  ,"138,04",CONS VIVIENDA            
2020-12-30,2020-10-15,107300900000,"160,16",REG AMP VIVIENDA         