categoria,mes,valor_ars
8,2025-01,"327.449,93"
9,2025-01,"352.548,00"
10,2025-01,"365.633,43"
11,2025-01,"388.558,50"
12,2025-01,"408.203,55"
13,2025-01,"434.401,91"
14,2025-01,"467.146,80"
15,2025-01,"509.714,68"
16,2025-01,"588.302,54"
17,2025-01,"604.672,95"
18,2025-01,"637.417,87"
19,2025-01,"828.426,10"
20,2025-01,"858.988,07"
21,2025-01,"912.472,41"
22,2025-01,"950.670,36"
23,2025-01,"1.012.884,18"
24,2025-01,"1.058.731,19"
8,2025-02,"333.484,40"
9,2025-02,"359.045,00"
10,2025-02,"372.371,58"
11,2025-02,"395.719,13"
12,2025-02,"415.726,22"
13,2025-02,"442.407,37"
14,2025-02,"475.755,71"
15,2025-02,"519.108,06"
16,2025-02,"599.144,20"
17,2025-02,"615.816,29"
18,2025-02,"649.164,66"
19,2025-02,"843.692,93"
20,2025-02,"874.818,11"
21,2025-02,"929.288,10"
22,2025-02,"968.189,99"
23,2025-02,"1.031.550,33"
24,2025-02,"1.078.242,24"
8,2025-03,"333.484,40"
9,2025-03,"359.045,00"
10,2025-03,"372.371,58"
11,2025-03,"395.719,13"
12,2025-03,"415.726,22"
13,2025-03,"442.407,37"
14,2025-03,"475.755,71"
15,2025-03,"519.108,06"
16,2025-03,"599.144,20"
17,2025-03,"615.816,29"
18,2025-03,"649.164,66"
19,2025-03,"843.692,93"
20,2025-03,"874.818,11"
21,2025-03,"929.288,10"
22,2025-03,"968.189,99"
23,2025-03,"1.031.550,33"
24,2025-03,"1.078.242,24"
8,2025-04,"360.163,16"
9,2025-04,"387.768,60"
10,2025-04,"402.161,31"
11,2025-04,"427.376,66"
12,2025-04,"448.984,32"
13,2025-04,"477.799,96"
14,2025-04,"513.816,17"
15,2025-04,"560.636,71"
16,2025-04,"647.075,73"
17,2025-04,"665.081,59"
18,2025-04,"701.097,83"
19,2025-04,"911.188,36"
20,2025-04,"944.803,56"
21,2025-04,"1.003.631,15"
22,2025-04,"1.045.645,19"
23,2025-04,"1.114.074,36"
24,2025-04,"1.164.501,61"
8,2025-05,"360.163,16"
9,2025-05,"387.768,60"
10,2025-05,"402.161,31"
11,2025-05,"427.376,66"
12,2025-05,"448.984,32"
13,2025-05,"477.799,96"
14,2025-05,"513.816,17"
15,2025-05,"560.636,71"
16,2025-05,"647.075,73"
17,2025-05,"665.081,59"
18,2025-05,"701.097,83"
19,2025-05,"911.188,36"
20,2025-05,"944.803,56"
21,2025-05,"1.003.631,15"
22,2025-05,"1.045.645,19"
23,2025-05,"1.114.074,36"
24,2025-05,"1.164.501,61"
8,2025-06,"360.163,16"
9,2025-06,"387.768,60"
10,2025-06,"402.161,31"
11,2025-06,"427.376,66"
12,2025-06,"448.984,32"
13,2025-06,"477.799,96"
14,2025-06,"513.816,17"
15,2025-06,"560.636,71"
16,2025-06,"647.075,73"
17,2025-06,"665.081,59"
18,2025-06,"701.097,83"
19,2025-06,"911.188,36"
20,2025-06,"944.803,56"
21,2025-06,"1.003.631,15"
22,2025-06,"1.045.645,19"
23,2025-06,"1.114.074,36"
24,2025-06,"1.164.501,61"
8,2025-07,"360.163,16"
9,2025-07,"387.768,60"
10,2025-07,"402.161,31"
11,2025-07,"427.376,66"
12,2025-07,"448.984,32"
13,2025-07,"477.799,96"
14,2025-07,"513.816,17"
15,2025-07,"560.636,71"
16,2025-07,"647.075,73"
17,2025-07,"665.081,59"
18,2025-07,"701.097,83"
19,2025-07,"911.188,36"
20,2025-07,"944.803,56"
21,2025-07,"1.003.631,15"
22,2025-07,"1.045.645,19"
23,2025-07,"1.114.074,36"
24,2025-07,"1.164.501,61"
8,2025-08,"370.968,05"
9,2025-08,"399.401,66"
10,2025-08,"414.226,15"
11,2025-08,"440.197,96"
12,2025-08,"462.453,85"
13,2025-08,"492.133,96"
14,2025-08,"529.230,66"
15,2025-08,"577.455,81"
16,2025-08,"666.488,01"
17,2025-08,"685.034,04"
18,2025-08,"722.130,76"
19,2025-08,"938.524,01"
20,2025-08,"973.147,67"
21,2025-08,"1.033.740,08"
22,2025-08,"1.077.014,55"
23,2025-08,"1.147.496,59"
24,2025-08,"1.199.436,66"
8,2025-09,"378.171,31"
9,2025-09,"407.157,03"
10,2025-09,"422.269,37"
11,2025-09,"448.745,49"
12,2025-09,"471.433,53"
13,2025-09,"501.689,96"
14,2025-09,"539.506,98"
15,2025-09,"588.668,54"
16,2025-09,"679.429,52"
17,2025-09,"698.335,67"
18,2025-09,"736.152,72"
19,2025-09,"956.747,78"
20,2025-09,"992.043,74"
21,2025-09,"1.053.812,70"
22,2025-09,"1.097.927,45"
23,2025-09,"1.169.778,07"
24,2025-09,"1.222.726,70"
8,2025-10,"404.643,31"
9,2025-10,"435.658,02"
10,2025-10,"451.828,23"
11,2025-10,"480.157,68"
12,2025-10,"504.433,88"
13,2025-10,"536.808,26"
14,2025-10,"577.272,47"
15,2025-10,"629.875,34"
16,2025-10,"726.989,59"
17,2025-10,"747.219,17"
18,2025-10,"787.683,41"
19,2025-10,"1.023.720,13"
20,2025-10,"1.061.486,80"
21,2025-10,"1.127.579,59"
22,2025-10,"1.174.782,37"
23,2025-10,"1.251.662,54"
24,2025-10,"1.308.317,56"
8,2025-11,"423.912,04"
9,2025-11,"456.403,64"
10,2025-11,"473.343,86"
11,2025-11,"503.022,33"
12,2025-11,"528.454,54"
13,2025-11,"562.370,56"
14,2025-11,"604.761,63"
15,2025-11,"659.869,40"
16,2025-11,"761.608,14"
17,2025-11,"782.801,04"
18,2025-11,"825.192,14"
19,2025-11,"1.072.468,70"
20,2025-11,"1.112.033,79"
21,2025-11,"1.181.273,86"
22,2025-11,"1.230.724,39"
23,2025-11,"1.311.265,52"
24,2025-11,"1.370.618,40"
8,2025-12,"423.912,04"
9,2025-12,"456.403,64"
10,2025-12,"473.343,86"
11,2025-12,"503.022,33"
12,2025-12,"528.454,54"
13,2025-12,"562.370,56"
14,2025-12,"604.761,63"
15,2025-12,"659.869,40"
16,2025-12,"761.608,14"
17,2025-12,"782.801,04"
18,2025-12,"825.192,14"
19,2025-12,"1.072.468,70"
20,2025-12,"1.112.033,79"
21,2025-12,"1.181.273,86"
22,2025-12,"1.230.724,39"
23,2025-12,"1.311.265,52"
24,2025-12,"1.370.618,40"